data,mes,x,y,profundidade_m,temperatura_agua_C,corrente_vel_mps,corrente_dir_graus,precipitacao_mm,pH,oxigenio_dissolvido_mgL,despejo_intensidade,poluicao_mgL
2022-01-31,1,0.0,0.0,0.65,18.52,0.049,218.7,129.9,7.16,8.6,62.8,4.468
2022-01-31,1,250.0,0.0,0.72,17.91,0.084,238.0,111.6,6.98,8.59,56.3,4.488
2022-01-31,1,500.0,0.0,1.93,19.18,0.104,270.0,109.5,7.08,8.4,63.0,4.518
2022-01-31,1,750.0,0.0,0.74,19.12,0.073,302.0,100.6,7.29,9.23,51.0,3.961
2022-01-31,1,1000.0,0.0,0.21,18.93,0.058,321.3,106.4,7.34,8.73,57.3,5.705
2022-01-31,1,0.0,200.0,0.36,17.63,0.071,201.8,110.0,7.24,8.29,48.5,2.778
2022-01-31,1,250.0,200.0,6.1,18.26,0.102,218.7,110.8,7.1,8.92,70.6,4.121
2022-01-31,1,500.0,200.0,7.84,18.08,0.155,270.0,124.3,7.09,8.66,61.1,2.858
2022-01-31,1,750.0,200.0,6.03,16.76,0.115,321.3,115.3,7.04,9.17,54.7,4.432
2022-01-31,1,1000.0,200.0,0.43,17.29,0.058,338.2,106.5,7.19,9.04,56.7,4.684
2022-01-31,1,0.0,400.0,1.7,17.27,0.078,180.0,100.5,7.42,8.88,57.4,2.027
2022-01-31,1,250.0,400.0,7.75,18.27,0.134,180.0,124.4,7.13,8.67,57.9,2.268
2022-01-31,1,500.0,400.0,10.09,18.0,0.203,0.0,112.3,6.99,8.66,63.0,2.596
2022-01-31,1,750.0,400.0,7.77,18.65,0.134,0.0,102.3,7.23,9.06,55.3,3.209
2022-01-31,1,1000.0,400.0,2.0,17.79,0.09,0.0,141.8,7.29,8.54,51.7,4.147
2022-01-31,1,0.0,600.0,0.34,17.08,0.066,158.2,118.4,7.11,8.88,52.3,3.357
2022-01-31,1,250.0,600.0,6.24,17.94,0.134,141.3,124.7,7.25,8.59,61.2,3.404
2022-01-31,1,500.0,600.0,7.95,19.51,0.154,90.0,116.4,7.24,8.46,53.4,2.523
2022-01-31,1,750.0,600.0,6.08,17.01,0.128,38.7,101.4,7.28,9.09,66.4,3.253
2022-01-31,1,1000.0,600.0,0.43,18.38,0.073,21.8,113.9,7.07,8.26,54.9,3.948
2022-01-31,1,0.0,800.0,0.5,18.66,0.039,141.3,102.4,7.23,8.08,46.5,1.889
2022-01-31,1,250.0,800.0,0.49,15.9,0.098,122.0,122.9,7.21,9.11,56.5,1.37
2022-01-31,1,500.0,800.0,2.02,17.85,0.125,90.0,117.7,7.19,8.46,64.1,3.152
2022-01-31,1,750.0,800.0,0.3,18.23,0.084,58.0,107.5,7.48,8.89,52.7,3.048
2022-01-31,1,1000.0,800.0,0.56,18.14,0.038,38.7,118.5,7.07,8.8,55.3,2.598
2022-02-28,2,0.0,0.0,0.61,22.37,0.056,218.7,110.5,7.19,7.63,58.8,4.215
2022-02-28,2,250.0,0.0,0.26,21.9,0.081,238.0,108.7,7.22,7.91,57.6,3.819
2022-02-28,2,500.0,0.0,2.03,22.77,0.107,270.0,87.6,7.72,7.27,59.0,4.444
2022-02-28,2,750.0,0.0,0.53,20.85,0.088,302.0,120.9,7.25,7.85,63.1,5.24
2022-02-28,2,1000.0,0.0,0.66,21.41,0.065,321.3,104.0,7.5,7.99,55.5,4.748
2022-02-28,2,0.0,200.0,0.65,21.96,0.104,201.8,111.4,7.54,8.19,56.8,3.818
2022-02-28,2,250.0,200.0,6.53,20.49,0.124,218.7,109.2,7.72,8.6,59.4,3.072
2022-02-28,2,500.0,200.0,8.08,21.33,0.144,270.0,95.1,7.31,8.39,66.3,3.271
2022-02-28,2,750.0,200.0,6.19,21.49,0.126,321.3,91.0,7.41,7.91,65.6,3.862
2022-02-28,2,1000.0,200.0,0.53,21.52,0.058,338.2,105.0,7.62,8.38,67.3,4.327
2022-02-28,2,0.0,400.0,1.77,21.11,0.073,180.0,100.8,7.75,7.62,61.7,2.196
2022-02-28,2,250.0,400.0,8.38,21.86,0.13,180.0,107.7,7.26,8.0,48.7,2.042
2022-02-28,2,500.0,400.0,10.27,22.15,0.203,0.0,106.3,7.28,7.8,69.9,3.597
2022-02-28,2,750.0,400.0,7.75,21.83,0.134,0.0,94.4,7.28,8.11,66.0,3.246
2022-02-28,2,1000.0,400.0,2.26,23.25,0.077,0.0,91.9,7.27,7.58,47.7,3.335
2022-02-28,2,0.0,600.0,0.36,21.55,0.076,158.2,89.2,7.29,8.3,52.9,2.484
2022-02-28,2,250.0,600.0,5.92,22.81,0.107,141.3,85.7,7.33,7.89,67.9,2.029
2022-02-28,2,500.0,600.0,7.99,22.52,0.151,90.0,94.1,7.48,7.84,63.3,3.308
2022-02-28,2,750.0,600.0,5.86,20.34,0.122,38.7,85.9,7.29,8.28,68.2,3.895
2022-02-28,2,1000.0,600.0,0.27,21.77,0.067,21.8,118.8,7.54,7.85,53.9,3.892
2022-02-28,2,0.0,800.0,0.51,23.22,0.043,141.3,106.3,7.1,7.81,51.1,2.573
2022-02-28,2,250.0,800.0,0.85,20.71,0.082,122.0,104.6,7.43,8.07,57.6,2.224
2022-02-28,2,500.0,800.0,2.25,22.54,0.108,90.0,100.2,7.5,7.8,61.4,2.65
2022-02-28,2,750.0,800.0,0.76,21.48,0.08,58.0,90.0,7.4,8.03,61.6,2.543
2022-02-28,2,1000.0,800.0,0.1,22.44,0.068,38.7,95.3,7.14,8.32,55.7,3.794
2022-03-31,3,0.0,0.0,0.02,24.07,0.044,218.7,80.5,7.48,7.79,49.6,3.461
2022-03-31,3,250.0,0.0,0.62,22.41,0.082,238.0,79.1,7.35,8.14,60.5,3.515
2022-03-31,3,500.0,0.0,1.96,22.78,0.09,270.0,82.0,7.43,7.44,55.2,3.483
2022-03-31,3,750.0,0.0,-0.0,23.53,0.088,302.0,85.7,7.43,7.17,47.9,4.257
2022-03-31,3,1000.0,0.0,0.59,24.76,0.071,321.3,76.7,7.73,7.35,43.0,3.763
2022-03-31,3,0.0,200.0,0.54,24.63,0.071,201.8,68.8,7.32,7.89,58.8,2.928
2022-03-31,3,250.0,200.0,5.85,24.01,0.109,218.7,89.6,7.4,7.76,62.8,3.076
2022-03-31,3,500.0,200.0,8.51,24.06,0.159,270.0,94.8,7.56,7.34,70.7,4.075
2022-03-31,3,750.0,200.0,6.08,24.57,0.111,321.3,63.4,7.54,7.16,56.1,3.583
2022-03-31,3,1000.0,200.0,-0.06,24.08,0.062,338.2,96.8,7.6,7.52,59.5,3.44
2022-03-31,3,0.0,400.0,2.47,25.01,0.076,180.0,80.7,7.86,7.94,55.8,3.253
2022-03-31,3,250.0,400.0,7.97,23.62,0.127,180.0,68.0,7.84,7.72,59.9,2.738
2022-03-31,3,500.0,400.0,9.69,23.36,0.198,0.0,66.2,7.69,8.33,57.7,2.943
2022-03-31,3,750.0,400.0,7.74,24.87,0.134,0.0,74.2,7.67,7.11,65.9,4.153
2022-03-31,3,1000.0,400.0,2.07,22.88,0.083,0.0,91.4,7.6,7.71,60.2,5.075
2022-03-31,3,0.0,600.0,0.69,23.29,0.079,158.2,86.9,7.71,7.23,49.3,1.251
2022-03-31,3,250.0,600.0,5.97,24.55,0.118,141.3,87.6,7.47,7.33,58.0,1.365
2022-03-31,3,500.0,600.0,7.8,23.59,0.145,90.0,71.4,7.55,7.46,64.3,2.633
2022-03-31,3,750.0,600.0,5.26,24.52,0.112,38.7,78.0,7.6,7.34,65.6,3.125
2022-03-31,3,1000.0,600.0,0.55,23.69,0.068,21.8,71.5,7.67,7.43,57.5,3.186
2022-03-31,3,0.0,800.0,0.42,25.26,0.057,141.3,80.7,7.79,6.95,44.7,1.754
2022-03-31,3,250.0,800.0,0.05,25.38,0.096,122.0,77.5,7.63,7.44,71.4,3.386
2022-03-31,3,500.0,800.0,1.93,23.6,0.091,90.0,87.6,7.62,7.4,58.9,2.977
2022-03-31,3,750.0,800.0,0.85,24.33,0.085,58.0,75.9,7.47,7.43,60.6,2.705
2022-03-31,3,1000.0,800.0,0.64,24.89,0.053,38.7,74.9,7.51,7.15,52.8,3.161
2022-04-30,4,0.0,0.0,0.73,25.7,0.041,218.7,73.6,7.66,7.85,47.6,2.807
2022-04-30,4,250.0,0.0,0.4,24.79,0.099,238.0,45.0,7.56,7.41,41.5,3.2
2022-04-30,4,500.0,0.0,2.22,24.58,0.089,270.0,64.9,7.42,7.73,53.6,3.71
2022-04-30,4,750.0,0.0,0.59,23.92,0.065,302.0,67.4,7.63,7.59,52.6,4.38
2022-04-30,4,1000.0,0.0,0.33,27.05,0.051,321.3,59.0,7.77,6.82,49.7,5.326
2022-04-30,4,0.0,200.0,-0.03,25.52,0.08,201.8,59.4,7.64,7.0,65.8,3.545
2022-04-30,4,250.0,200.0,5.93,26.48,0.127,218.7,71.3,7.56,6.8,74.3,3.772
2022-04-30,4,500.0,200.0,8.21,24.71,0.154,270.0,71.6,7.44,7.67,62.1,3.262
2022-04-30,4,750.0,200.0,5.84,25.16,0.112,321.3,50.2,7.66,6.91,60.8,3.859
2022-04-30,4,1000.0,200.0,0.31,25.57,0.083,338.2,54.4,7.69,7.62,55.0,3.306
2022-04-30,4,0.0,400.0,2.03,25.38,0.082,180.0,62.2,7.48,7.5,62.9,3.569
2022-04-30,4,250.0,400.0,8.0,25.16,0.137,180.0,58.6,7.51,7.25,59.3,2.342
2022-04-30,4,500.0,400.0,10.1,25.74,0.187,0.0,58.2,7.52,7.61,57.2,1.963
2022-04-30,4,750.0,400.0,8.08,26.33,0.147,0.0,70.1,7.32,6.78,56.2,3.177
2022-04-30,4,1000.0,400.0,1.78,24.94,0.073,0.0,66.2,7.63,7.05,55.4,4.001
2022-04-30,4,0.0,600.0,0.98,24.21,0.06,158.2,58.7,7.61,7.93,43.4,2.666
2022-04-30,4,250.0,600.0,5.79,24.8,0.121,141.3,75.0,7.2,7.79,61.9,1.534
2022-04-30,4,500.0,600.0,7.53,23.98,0.156,90.0,77.5,7.29,8.14,60.1,2.578
2022-04-30,4,750.0,600.0,6.16,25.15,0.113,38.7,52.4,7.51,7.0,56.5,2.026
2022-04-30,4,1000.0,600.0,0.67,25.67,0.076,21.8,64.6,7.59,6.8,55.7,3.493
2022-04-30,4,0.0,800.0,0.45,24.19,0.046,141.3,43.5,7.72,7.64,43.4,0.764
2022-04-30,4,250.0,800.0,0.4,23.87,0.078,122.0,52.2,7.43,8.2,57.2,2.775
2022-04-30,4,500.0,800.0,1.84,24.97,0.104,90.0,71.0,7.62,7.48,53.0,2.316
2022-04-30,4,750.0,800.0,0.21,24.24,0.093,58.0,86.3,7.67,7.62,50.7,3.069
2022-04-30,4,1000.0,800.0,0.58,24.14,0.037,38.7,70.5,7.59,7.81,51.7,2.896
2022-05-31,5,0.0,0.0,0.78,24.14,0.045,218.7,40.7,7.48,7.54,47.9,2.881
2022-05-31,5,250.0,0.0,0.49,23.16,0.089,238.0,49.2,7.57,7.97,51.4,4.721
2022-05-31,5,500.0,0.0,2.76,23.67,0.095,270.0,55.8,7.65,8.26,52.7,3.531
2022-05-31,5,750.0,0.0,0.82,24.17,0.072,302.0,38.4,7.73,7.17,44.9,3.918
2022-05-31,5,1000.0,0.0,0.69,24.22,0.063,321.3,52.4,7.53,8.04,42.0,4.932
2022-05-31,5,0.0,200.0,0.88,23.91,0.056,201.8,41.0,7.76,7.74,53.8,2.116
2022-05-31,5,250.0,200.0,5.81,23.56,0.115,218.7,39.8,7.45,8.1,62.9,2.77
2022-05-31,5,500.0,200.0,8.18,24.72,0.161,270.0,50.4,7.71,7.86,60.7,3.51
2022-05-31,5,750.0,200.0,6.47,23.62,0.119,321.3,64.2,7.33,7.05,52.8,3.164
2022-05-31,5,1000.0,200.0,0.49,24.16,0.051,338.2,38.5,7.67,7.43,44.9,2.67
2022-05-31,5,0.0,400.0,2.08,24.13,0.084,180.0,56.0,7.47,8.04,60.1,2.529
2022-05-31,5,250.0,400.0,7.75,23.62,0.142,180.0,51.7,7.58,7.27,61.8,3.478
2022-05-31,5,500.0,400.0,9.95,25.03,0.201,0.0,37.2,7.6,7.34,55.3,3.051
2022-05-31,5,750.0,400.0,7.69,24.26,0.145,0.0,39.7,7.35,7.87,57.2,2.84
2022-05-31,5,1000.0,400.0,1.86,22.8,0.051,0.0,53.0,7.66,8.02,43.8,3.136
2022-05-31,5,0.0,600.0,0.37,25.33,0.08,158.2,40.1,7.48,7.31,40.4,1.284
2022-05-31,5,250.0,600.0,5.82,24.29,0.116,141.3,48.7,7.65,8.2,49.7,1.545
2022-05-31,5,500.0,600.0,8.06,22.97,0.15,90.0,52.8,7.64,8.5,52.1,2.206
2022-05-31,5,750.0,600.0,6.55,22.84,0.109,38.7,38.4,7.54,7.97,54.3,2.585
2022-05-31,5,1000.0,600.0,0.5,25.26,0.054,21.8,54.1,7.51,7.4,49.7,2.116
2022-05-31,5,0.0,800.0,0.2,24.03,0.042,141.3,47.7,7.78,7.35,50.3,1.55
2022-05-31,5,250.0,800.0,0.09,24.04,0.075,122.0,63.3,7.47,7.7,47.6,2.56
2022-05-31,5,500.0,800.0,2.07,23.99,0.116,90.0,48.1,7.64,7.71,47.6,2.036
2022-05-31,5,750.0,800.0,0.12,24.0,0.097,58.0,56.5,7.6,7.78,52.8,2.767
2022-05-31,5,1000.0,800.0,0.43,23.26,0.043,38.7,42.5,7.82,8.0,44.1,2.668
2022-06-30,6,0.0,0.0,0.92,21.55,0.059,218.7,33.5,7.5,8.27,46.6,3.22
2022-06-30,6,250.0,0.0,1.01,22.36,0.077,238.0,39.6,7.37,8.25,48.2,2.489
2022-06-30,6,500.0,0.0,1.9,21.24,0.097,270.0,60.8,7.46,8.32,50.0,3.754
2022-06-30,6,750.0,0.0,0.83,22.01,0.094,302.0,28.6,7.65,7.73,44.5,3.168
2022-06-30,6,1000.0,0.0,-0.25,20.39,0.073,321.3,23.5,7.55,9.13,47.7,4.152
2022-06-30,6,0.0,200.0,0.81,22.55,0.06,201.8,42.0,7.71,7.74,52.5,2.877
2022-06-30,6,250.0,200.0,6.44,21.0,0.134,218.7,44.0,7.47,8.33,47.5,2.138
2022-06-30,6,500.0,200.0,7.92,21.44,0.148,270.0,39.6,7.51,8.19,52.0,2.704
2022-06-30,6,750.0,200.0,5.98,21.76,0.123,321.3,44.2,7.64,8.24,44.3,3.414
2022-06-30,6,1000.0,200.0,0.68,22.11,0.074,338.2,42.8,7.42,8.02,38.7,3.233
2022-06-30,6,0.0,400.0,1.8,21.24,0.07,180.0,44.2,7.48,8.03,43.6,3.1
2022-06-30,6,250.0,400.0,7.99,21.93,0.149,180.0,36.3,7.52,7.22,54.4,1.284
2022-06-30,6,500.0,400.0,10.02,22.23,0.18,0.0,43.5,7.55,7.14,60.1,2.434
2022-06-30,6,750.0,400.0,8.36,21.98,0.125,0.0,47.0,7.36,8.47,47.8,2.607
2022-06-30,6,1000.0,400.0,1.49,20.71,0.074,0.0,29.0,7.43,8.75,48.4,2.263
2022-06-30,6,0.0,600.0,1.02,21.53,0.07,158.2,41.2,7.49,7.85,41.1,0.753
2022-06-30,6,250.0,600.0,5.89,20.46,0.109,141.3,51.6,7.33,8.46,45.3,1.942
2022-06-30,6,500.0,600.0,8.33,21.99,0.14,90.0,29.5,7.31,8.65,47.4,1.848
2022-06-30,6,750.0,600.0,5.95,20.62,0.12,38.7,25.6,7.64,8.1,45.0,0.886
2022-06-30,6,1000.0,600.0,0.2,20.71,0.075,21.8,37.8,7.48,8.03,44.4,2.005
2022-06-30,6,0.0,800.0,0.62,21.11,0.056,141.3,55.7,7.22,7.78,41.9,1.885
2022-06-30,6,250.0,800.0,0.52,22.3,0.069,122.0,35.1,7.17,7.88,50.5,2.178
2022-06-30,6,500.0,800.0,2.26,21.62,0.105,90.0,43.6,7.76,8.11,45.8,2.267
2022-06-30,6,750.0,800.0,0.31,22.81,0.069,58.0,50.1,7.3,8.56,49.9,2.218
2022-06-30,6,1000.0,800.0,0.32,20.23,0.053,38.7,44.4,7.4,8.58,43.3,2.967
2022-07-31,7,0.0,0.0,0.54,18.1,0.046,218.7,50.8,7.21,8.84,35.2,2.28
2022-07-31,7,250.0,0.0,0.39,17.53,0.08,238.0,35.2,7.1,8.59,41.5,2.516
2022-07-31,7,500.0,0.0,2.04,18.57,0.098,270.0,54.9,7.08,8.33,32.0,3.213
2022-07-31,7,750.0,0.0,0.52,17.94,0.087,302.0,50.2,7.21,8.27,34.8,3.245
2022-07-31,7,1000.0,0.0,0.5,18.1,0.056,321.3,35.6,7.38,8.8,37.4,3.073
2022-07-31,7,0.0,200.0,0.08,17.0,0.083,201.8,38.4,7.09,9.33,38.8,2.816
2022-07-31,7,250.0,200.0,6.07,18.26,0.104,218.7,53.7,6.9,8.91,52.3,2.059
2022-07-31,7,500.0,200.0,7.67,18.31,0.128,270.0,70.3,7.2,9.02,44.8,2.646
2022-07-31,7,750.0,200.0,5.64,19.22,0.126,321.3,57.5,7.17,9.04,42.6,2.769
2022-07-31,7,1000.0,200.0,0.37,17.86,0.057,338.2,62.5,6.99,8.38,46.3,3.544
2022-07-31,7,0.0,400.0,1.8,17.33,0.078,180.0,66.8,7.02,9.06,43.3,2.281
2022-07-31,7,250.0,400.0,8.5,17.44,0.142,180.0,44.8,7.28,8.99,47.4,1.361
2022-07-31,7,500.0,400.0,10.28,18.21,0.197,0.0,48.6,7.1,9.11,44.7,1.553
2022-07-31,7,750.0,400.0,7.82,17.69,0.134,0.0,47.1,7.22,8.92,46.8,2.975
2022-07-31,7,1000.0,400.0,1.8,17.52,0.085,0.0,63.6,7.3,8.79,51.0,2.959
2022-07-31,7,0.0,600.0,0.44,18.04,0.064,158.2,43.9,7.34,9.51,36.2,0.684
2022-07-31,7,250.0,600.0,6.05,17.91,0.106,141.3,36.3,7.09,9.25,47.3,1.852
2022-07-31,7,500.0,600.0,8.16,18.02,0.141,90.0,45.3,7.36,8.99,44.3,2.028
2022-07-31,7,750.0,600.0,6.28,15.96,0.105,38.7,54.7,6.99,9.19,40.1,0.991
2022-07-31,7,1000.0,600.0,0.72,19.04,0.068,21.8,61.0,7.2,8.4,42.6,2.39
2022-07-31,7,0.0,800.0,0.47,17.36,0.076,141.3,61.8,7.45,8.8,40.3,2.008
2022-07-31,7,250.0,800.0,0.17,18.97,0.079,122.0,46.8,7.55,8.78,40.4,1.247
2022-07-31,7,500.0,800.0,2.42,18.01,0.106,90.0,32.2,7.04,8.77,38.1,1.222
2022-07-31,7,750.0,800.0,0.66,17.54,0.09,58.0,19.4,7.12,9.09,33.9,1.518
2022-07-31,7,1000.0,800.0,1.1,17.71,0.051,38.7,47.2,7.0,8.62,44.8,1.903
2022-08-31,8,0.0,0.0,0.19,15.45,0.055,218.7,67.2,7.15,9.12,30.4,3.262
2022-08-31,8,250.0,0.0,0.7,14.64,0.094,238.0,47.0,7.06,9.33,37.3,3.026
2022-08-31,8,500.0,0.0,2.22,15.88,0.096,270.0,56.0,7.03,9.55,32.8,1.996
2022-08-31,8,750.0,0.0,0.87,14.32,0.088,302.0,50.4,6.94,9.91,47.6,4.328
2022-08-31,8,1000.0,0.0,0.49,12.56,0.043,321.3,68.8,7.11,9.83,36.6,3.845
2022-08-31,8,0.0,200.0,0.4,15.56,0.063,201.8,65.6,7.07,9.97,35.7,2.716
2022-08-31,8,250.0,200.0,6.37,14.75,0.12,218.7,77.0,7.04,10.25,47.5,1.649
2022-08-31,8,500.0,200.0,7.54,14.06,0.163,270.0,85.6,6.92,9.66,50.7,3.837
2022-08-31,8,750.0,200.0,5.85,14.61,0.109,321.3,42.3,7.05,9.49,38.1,1.705
2022-08-31,8,1000.0,200.0,0.03,15.14,0.06,338.2,47.5,7.04,9.02,40.0,3.228
2022-08-31,8,0.0,400.0,2.02,15.72,0.078,180.0,65.1,7.08,9.61,37.1,1.37
2022-08-31,8,250.0,400.0,8.23,15.53,0.141,180.0,66.7,6.98,8.96,42.2,1.377
2022-08-31,8,500.0,400.0,10.62,15.32,0.212,0.0,65.9,7.12,9.2,40.0,1.782
2022-08-31,8,750.0,400.0,8.15,13.56,0.132,0.0,31.3,7.0,10.29,51.5,1.997
2022-08-31,8,1000.0,400.0,1.52,13.91,0.087,0.0,51.9,7.03,10.01,33.8,2.575
2022-08-31,8,0.0,600.0,0.19,16.14,0.046,158.2,49.0,6.97,9.14,39.2,1.884
2022-08-31,8,250.0,600.0,5.83,15.84,0.126,141.3,63.9,6.82,9.4,46.5,1.378
2022-08-31,8,500.0,600.0,7.95,15.06,0.145,90.0,69.6,7.01,9.86,37.2,1.422
2022-08-31,8,750.0,600.0,5.82,13.7,0.125,38.7,63.0,7.11,10.06,43.9,1.893
2022-08-31,8,1000.0,600.0,0.63,14.64,0.072,21.8,56.3,6.88,9.54,33.6,0.812
2022-08-31,8,0.0,800.0,0.76,14.37,0.044,141.3,62.8,6.96,10.05,38.7,1.435
2022-08-31,8,250.0,800.0,0.46,13.87,0.082,122.0,66.5,6.98,9.78,33.7,0.957
2022-08-31,8,500.0,800.0,1.78,14.43,0.081,90.0,58.8,7.23,9.74,34.7,2.247
2022-08-31,8,750.0,800.0,0.24,14.32,0.074,58.0,63.7,7.14,9.33,47.4,1.953
2022-08-31,8,1000.0,800.0,0.63,12.61,0.059,38.7,49.9,7.09,10.55,37.6,1.489
2022-09-30,9,0.0,0.0,0.45,11.42,0.064,218.7,72.0,6.78,9.86,39.3,3.476
2022-09-30,9,250.0,0.0,0.51,11.87,0.096,238.0,84.5,6.69,10.17,40.4,3.542
2022-09-30,9,500.0,0.0,2.12,11.21,0.1,270.0,83.2,6.68,10.53,38.9,3.22
2022-09-30,9,750.0,0.0,0.65,12.53,0.079,302.0,86.2,6.71,10.23,36.8,3.883
2022-09-30,9,1000.0,0.0,0.99,12.0,0.057,321.3,64.0,6.82,9.78,48.4,3.773
2022-09-30,9,0.0,200.0,0.6,11.7,0.063,201.8,64.4,6.99,10.07,39.3,3.787
2022-09-30,9,250.0,200.0,6.36,12.4,0.146,218.7,83.3,6.88,9.83,47.8,2.348
2022-09-30,9,500.0,200.0,8.08,12.41,0.147,270.0,75.3,6.98,9.54,45.1,3.456
2022-09-30,9,750.0,200.0,6.11,11.76,0.138,321.3,76.5,6.85,9.98,45.8,2.068
2022-09-30,9,1000.0,200.0,0.54,11.97,0.071,338.2,97.0,6.76,10.07,35.3,2.696
2022-09-30,9,0.0,400.0,2.09,11.6,0.067,180.0,91.5,6.87,9.66,44.8,1.749
2022-09-30,9,250.0,400.0,8.05,11.13,0.151,180.0,91.4,7.05,10.15,34.1,1.278
2022-09-30,9,500.0,400.0,9.7,12.35,0.193,0.0,81.8,6.91,10.1,48.8,2.689
2022-09-30,9,750.0,400.0,7.68,12.7,0.127,0.0,97.1,6.84,9.81,45.0,3.145
2022-09-30,9,1000.0,400.0,1.82,11.59,0.075,0.0,73.1,6.64,10.08,32.7,2.982
2022-09-30,9,0.0,600.0,1.06,11.58,0.076,158.2,92.8,6.86,10.35,41.4,1.225
2022-09-30,9,250.0,600.0,6.39,11.14,0.12,141.3,75.0,6.98,10.36,40.6,1.183
2022-09-30,9,500.0,600.0,8.12,12.48,0.148,90.0,99.0,6.83,9.61,49.9,1.973
2022-09-30,9,750.0,600.0,5.72,12.72,0.122,38.7,85.0,6.88,10.17,32.4,2.147
2022-09-30,9,1000.0,600.0,0.52,11.69,0.051,21.8,72.5,6.9,10.49,30.9,2.276
2022-09-30,9,0.0,800.0,0.31,11.67,0.06,141.3,76.0,6.71,10.22,47.8,0.84
2022-09-30,9,250.0,800.0,0.38,13.23,0.073,122.0,76.8,7.04,10.23,44.5,1.343
2022-09-30,9,500.0,800.0,1.35,11.51,0.108,90.0,79.1,6.9,10.18,44.7,1.483
2022-09-30,9,750.0,800.0,0.3,12.35,0.064,58.0,93.7,6.83,10.22,49.4,2.988
2022-09-30,9,1000.0,800.0,0.45,12.11,0.057,38.7,72.5,6.81,9.77,44.2,2.252
2022-10-31,10,0.0,0.0,1.07,10.43,0.049,218.7,84.9,6.53,9.85,43.5,3.093
2022-10-31,10,250.0,0.0,0.46,10.56,0.063,238.0,100.9,6.82,9.98,51.3,3.033
2022-10-31,10,500.0,0.0,2.29,10.01,0.116,270.0,94.1,6.8,10.49,40.8,3.401
2022-10-31,10,750.0,0.0,-0.09,10.14,0.09,302.0,102.4,7.11,10.09,30.3,3.188
2022-10-31,10,1000.0,0.0,0.48,11.42,0.053,321.3,106.5,6.88,10.14,39.8,3.874
2022-10-31,10,0.0,200.0,0.03,10.61,0.074,201.8,101.5,7.04,10.54,42.5,2.117
2022-10-31,10,250.0,200.0,6.29,10.48,0.124,218.7,117.8,6.62,10.56,55.2,2.614
2022-10-31,10,500.0,200.0,7.86,11.44,0.15,270.0,100.1,6.73,10.08,47.9,2.577
2022-10-31,10,750.0,200.0,6.33,10.02,0.14,321.3,105.0,6.73,10.36,58.7,2.665
2022-10-31,10,1000.0,200.0,0.44,11.47,0.077,338.2,70.6,6.9,10.19,42.3,3.136
2022-10-31,10,0.0,400.0,1.35,10.83,0.068,180.0,90.1,6.78,10.27,42.6,1.702
2022-10-31,10,250.0,400.0,8.42,11.23,0.135,180.0,102.6,6.78,10.39,52.6,1.362
2022-10-31,10,500.0,400.0,9.92,11.45,0.216,0.0,97.0,6.9,10.01,55.5,2.582
2022-10-31,10,750.0,400.0,8.08,11.87,0.142,0.0,101.0,6.85,9.91,49.9,2.507
2022-10-31,10,1000.0,400.0,2.34,10.38,0.084,0.0,104.1,6.65,9.91,40.6,3.434
2022-10-31,10,0.0,600.0,0.55,10.13,0.07,158.2,114.1,6.79,10.37,45.9,2.054
2022-10-31,10,250.0,600.0,6.39,11.83,0.103,141.3,111.3,6.64,9.9,40.0,1.59
2022-10-31,10,500.0,600.0,7.97,9.74,0.154,90.0,88.7,6.62,10.51,57.0,3.19
2022-10-31,10,750.0,600.0,6.19,11.3,0.116,38.7,99.7,6.97,10.12,41.1,2.731
2022-10-31,10,1000.0,600.0,0.79,11.58,0.071,21.8,105.2,6.7,10.21,47.8,3.349
2022-10-31,10,0.0,800.0,0.79,10.51,0.053,141.3,103.6,6.63,10.33,40.6,1.211
2022-10-31,10,250.0,800.0,0.41,12.05,0.09,122.0,114.0,6.72,9.91,34.5,1.121
2022-10-31,10,500.0,800.0,2.19,9.56,0.105,90.0,94.6,6.68,10.31,44.0,1.455
2022-10-31,10,750.0,800.0,0.23,10.52,0.076,58.0,113.7,6.48,11.22,50.3,2.579
2022-10-31,10,1000.0,800.0,0.86,11.28,0.057,38.7,110.7,6.8,9.87,41.4,2.035
2022-11-30,11,0.0,0.0,0.3,11.3,0.049,218.7,111.6,6.57,10.19,46.8,2.823
2022-11-30,11,250.0,0.0,0.29,11.52,0.078,238.0,116.2,6.73,10.42,50.0,3.591
2022-11-30,11,500.0,0.0,2.0,10.78,0.106,270.0,91.7,6.77,9.89,47.3,3.346
2022-11-30,11,750.0,0.0,1.22,11.92,0.09,302.0,112.0,6.86,10.17,41.8,4.32
2022-11-30,11,1000.0,0.0,0.17,12.34,0.052,321.3,126.0,7.09,9.6,41.3,3.564
2022-11-30,11,0.0,200.0,0.7,10.65,0.075,201.8,107.0,6.74,9.98,52.8,2.803
2022-11-30,11,250.0,200.0,5.9,12.6,0.122,218.7,106.0,6.75,9.78,49.1,2.361
2022-11-30,11,500.0,200.0,7.86,12.2,0.165,270.0,117.6,6.95,9.6,58.9,3.203
2022-11-30,11,750.0,200.0,6.21,12.29,0.127,321.3,114.8,6.95,10.1,48.8,2.999
2022-11-30,11,1000.0,200.0,0.43,12.73,0.07,338.2,113.9,6.81,9.89,43.0,4.801
2022-11-30,11,0.0,400.0,1.92,12.45,0.055,180.0,102.2,6.86,9.99,55.4,1.884
2022-11-30,11,250.0,400.0,7.86,12.15,0.146,180.0,116.6,6.98,9.91,56.0,2.448
2022-11-30,11,500.0,400.0,10.2,10.69,0.189,0.0,122.8,6.91,9.97,50.8,2.991
2022-11-30,11,750.0,400.0,8.03,10.95,0.153,0.0,100.0,6.88,10.23,54.8,2.898
2022-11-30,11,1000.0,400.0,1.52,13.56,0.077,0.0,114.7,6.83,9.57,47.7,4.155
2022-11-30,11,0.0,600.0,-0.41,13.38,0.067,158.2,127.0,6.89,9.55,51.1,1.892
2022-11-30,11,250.0,600.0,6.08,9.99,0.114,141.3,113.3,7.07,10.67,55.4,2.704
2022-11-30,11,500.0,600.0,7.64,11.22,0.166,90.0,121.0,6.8,10.32,51.0,2.13
2022-11-30,11,750.0,600.0,5.93,10.66,0.135,38.7,106.4,6.84,9.77,54.7,3.379
2022-11-30,11,1000.0,600.0,-0.16,10.8,0.081,21.8,112.0,6.79,10.4,40.7,3.058
2022-11-30,11,0.0,800.0,0.64,12.79,0.055,141.3,142.2,6.91,9.65,45.2,0.955
2022-11-30,11,250.0,800.0,0.53,11.44,0.084,122.0,111.5,6.95,10.46,47.0,1.61
2022-11-30,11,500.0,800.0,2.01,12.53,0.09,90.0,109.5,6.82,9.59,37.0,1.633
2022-11-30,11,750.0,800.0,0.51,10.93,0.084,58.0,108.5,6.8,10.11,56.4,2.861
2022-11-30,11,1000.0,800.0,1.11,12.09,0.036,38.7,108.0,6.92,9.98,43.7,2.718
2022-12-31,12,0.0,0.0,1.04,15.08,0.048,218.7,107.1,6.86,9.52,58.9,3.823
2022-12-31,12,250.0,0.0,0.53,16.08,0.088,238.0,104.4,7.24,9.21,50.5,2.978
2022-12-31,12,500.0,0.0,1.48,15.46,0.093,270.0,110.2,6.93,9.44,58.7,3.998
2022-12-31,12,750.0,0.0,0.63,14.87,0.09,302.0,136.7,7.0,9.59,47.0,4.067
2022-12-31,12,1000.0,0.0,0.19,13.28,0.036,321.3,131.1,6.91,10.17,47.2,3.614
2022-12-31,12,0.0,200.0,0.41,13.5,0.065,201.8,126.0,7.13,9.54,51.2,3.244
2022-12-31,12,250.0,200.0,5.94,14.4,0.129,218.7,135.1,6.78,9.48,55.1,3.431
2022-12-31,12,500.0,200.0,7.82,15.89,0.164,270.0,129.8,7.01,8.95,55.0,3.626
2022-12-31,12,750.0,200.0,6.21,14.26,0.128,321.3,119.3,6.77,9.42,60.1,4.038
2022-12-31,12,1000.0,200.0,0.17,14.38,0.078,338.2,114.5,7.02,9.66,57.4,4.982
2022-12-31,12,0.0,400.0,1.87,16.18,0.074,180.0,117.5,6.95,8.95,57.2,2.761
2022-12-31,12,250.0,400.0,8.27,12.42,0.133,180.0,122.0,7.07,10.02,65.7,2.284
2022-12-31,12,500.0,400.0,10.13,15.02,0.214,0.0,105.0,7.16,9.09,58.8,2.797
2022-12-31,12,750.0,400.0,8.15,14.51,0.138,0.0,113.4,7.1,9.61,61.8,2.957
2022-12-31,12,1000.0,400.0,1.89,14.17,0.062,0.0,122.6,6.86,9.26,55.2,3.739
2022-12-31,12,0.0,600.0,0.31,15.64,0.079,158.2,114.0,6.72,9.56,48.4,2.64
2022-12-31,12,250.0,600.0,6.2,13.08,0.132,141.3,123.2,6.92,9.74,57.4,2.098
2022-12-31,12,500.0,600.0,8.6,14.99,0.181,90.0,118.2,7.08,9.65,57.4,3.348
2022-12-31,12,750.0,600.0,5.35,14.12,0.131,38.7,111.4,7.1,9.45,66.4,3.406
2022-12-31,12,1000.0,600.0,0.51,14.32,0.058,21.8,110.8,7.13,9.84,44.3,2.549
2022-12-31,12,0.0,800.0,-0.09,13.53,0.059,141.3,127.3,7.0,9.38,47.8,2.208
2022-12-31,12,250.0,800.0,0.3,13.63,0.082,122.0,109.1,7.1,9.32,55.8,2.402
2022-12-31,12,500.0,800.0,2.07,15.03,0.105,90.0,124.2,7.13,9.18,52.0,1.813
2022-12-31,12,750.0,800.0,0.71,15.47,0.068,58.0,122.6,6.94,9.33,46.1,2.758
2022-12-31,12,1000.0,800.0,0.05,14.43,0.043,38.7,105.5,6.86,9.21,52.6,2.914
2023-01-31,1,0.0,0.0,0.28,17.56,0.052,218.7,111.9,7.45,9.28,48.4,3.886
2023-01-31,1,250.0,0.0,1.02,16.97,0.096,238.0,121.5,7.12,9.06,60.1,3.962
2023-01-31,1,500.0,0.0,1.82,19.59,0.117,270.0,107.0,7.12,8.73,56.5,4.13
2023-01-31,1,750.0,0.0,0.55,18.29,0.112,302.0,111.5,7.34,8.87,58.1,4.801
2023-01-31,1,1000.0,0.0,0.2,17.26,0.051,321.3,117.2,7.07,8.81,48.2,4.853
2023-01-31,1,0.0,200.0,0.74,18.66,0.054,201.8,130.0,7.03,8.36,62.2,3.808
2023-01-31,1,250.0,200.0,5.76,17.27,0.113,218.7,106.3,7.19,8.73,68.9,4.28
2023-01-31,1,500.0,200.0,8.01,17.99,0.131,270.0,107.7,7.13,9.23,56.8,3.731
2023-01-31,1,750.0,200.0,6.62,18.38,0.109,321.3,105.4,7.28,8.44,57.3,3.521
2023-01-31,1,1000.0,200.0,0.76,18.03,0.063,338.2,100.2,7.16,8.78,68.4,4.025
2023-01-31,1,0.0,400.0,2.17,18.31,0.078,180.0,101.4,7.36,9.09,55.9,2.698
2023-01-31,1,250.0,400.0,7.83,18.4,0.14,180.0,119.4,7.21,8.92,65.8,2.437
2023-01-31,1,500.0,400.0,9.92,18.63,0.197,0.0,118.0,7.29,8.95,63.1,2.756
2023-01-31,1,750.0,400.0,8.29,17.0,0.147,0.0,115.2,7.09,8.61,62.2,3.18
2023-01-31,1,1000.0,400.0,2.44,18.22,0.085,0.0,132.2,7.26,8.84,56.8,4.589
2023-01-31,1,0.0,600.0,0.04,18.46,0.071,158.2,114.0,7.37,8.59,58.1,2.114
2023-01-31,1,250.0,600.0,6.26,17.39,0.129,141.3,115.0,7.3,8.84,64.7,3.822
2023-01-31,1,500.0,600.0,7.67,20.36,0.142,90.0,127.1,7.0,7.9,65.4,3.329
2023-01-31,1,750.0,600.0,6.73,16.9,0.124,38.7,109.0,7.35,9.64,57.2,1.878
2023-01-31,1,1000.0,600.0,0.83,16.94,0.059,21.8,112.6,7.08,8.98,63.3,3.459
2023-01-31,1,0.0,800.0,0.49,18.18,0.048,141.3,110.9,7.18,9.0,51.0,1.169
2023-01-31,1,250.0,800.0,0.26,18.24,0.068,122.0,121.9,7.17,9.17,49.3,2.613
2023-01-31,1,500.0,800.0,2.16,17.9,0.097,90.0,117.9,7.21,8.14,57.3,2.153
2023-01-31,1,750.0,800.0,1.06,17.31,0.086,58.0,120.0,6.8,8.92,60.3,3.473
2023-01-31,1,1000.0,800.0,0.49,18.68,0.051,38.7,92.2,7.11,8.74,61.0,2.901
2023-02-28,2,0.0,0.0,-0.06,20.99,0.056,218.7,88.1,7.31,8.16,53.2,2.485
2023-02-28,2,250.0,0.0,1.04,20.82,0.08,238.0,93.5,7.24,8.01,58.1,3.246
2023-02-28,2,500.0,0.0,2.2,21.24,0.097,270.0,107.3,7.45,8.24,62.1,3.585
2023-02-28,2,750.0,0.0,1.09,20.65,0.077,302.0,114.8,7.69,8.26,62.3,5.377
2023-02-28,2,1000.0,0.0,0.69,22.22,0.042,321.3,93.7,7.44,8.21,54.3,4.894
2023-02-28,2,0.0,200.0,0.77,22.02,0.078,201.8,88.6,7.37,8.01,61.4,3.749
2023-02-28,2,250.0,200.0,6.0,20.77,0.129,218.7,115.2,7.48,8.54,63.7,3.976
2023-02-28,2,500.0,200.0,8.23,20.69,0.156,270.0,97.6,7.39,8.22,66.2,4.303
2023-02-28,2,750.0,200.0,5.78,22.48,0.115,321.3,116.9,7.48,7.62,70.6,4.094
2023-02-28,2,1000.0,200.0,0.35,21.34,0.063,338.2,92.5,7.37,7.68,54.1,4.09
2023-02-28,2,0.0,400.0,1.78,21.87,0.076,180.0,114.6,7.51,8.25,58.7,3.772
2023-02-28,2,250.0,400.0,7.67,21.64,0.146,180.0,105.5,7.22,7.8,67.9,2.667
2023-02-28,2,500.0,400.0,10.32,22.0,0.187,0.0,113.3,7.46,8.31,76.3,4.035
2023-02-28,2,750.0,400.0,7.9,22.74,0.141,0.0,108.5,7.46,7.98,65.0,3.873
2023-02-28,2,1000.0,400.0,1.92,21.45,0.073,0.0,104.8,7.53,7.91,52.3,3.251
2023-02-28,2,0.0,600.0,0.62,22.62,0.057,158.2,107.0,7.33,7.72,58.0,2.938
2023-02-28,2,250.0,600.0,6.14,22.18,0.106,141.3,87.7,7.48,8.16,57.2,2.685
2023-02-28,2,500.0,600.0,8.07,21.62,0.16,90.0,100.2,7.35,8.55,60.3,3.447
2023-02-28,2,750.0,600.0,5.24,21.69,0.117,38.7,88.5,7.46,8.01,75.4,4.264
2023-02-28,2,1000.0,600.0,0.35,20.88,0.062,21.8,87.0,7.33,8.29,61.4,3.314
2023-02-28,2,0.0,800.0,0.56,22.86,0.053,141.3,110.7,7.43,8.1,49.2,2.28
2023-02-28,2,250.0,800.0,0.58,20.69,0.077,122.0,80.4,7.45,7.81,57.8,2.111
2023-02-28,2,500.0,800.0,2.15,21.79,0.086,90.0,79.0,7.49,8.33,56.8,2.457
2023-02-28,2,750.0,800.0,0.36,21.44,0.081,58.0,95.5,7.43,7.89,54.3,3.114
2023-02-28,2,1000.0,800.0,0.38,21.47,0.041,38.7,91.5,7.49,7.58,54.5,3.193
2023-03-31,3,0.0,0.0,0.56,24.34,0.077,218.7,70.0,7.53,7.03,54.5,3.138
2023-03-31,3,250.0,0.0,0.59,25.24,0.067,238.0,68.3,7.58,7.05,55.7,3.443
2023-03-31,3,500.0,0.0,1.33,23.58,0.079,270.0,84.6,7.13,7.55,55.8,4.853
2023-03-31,3,750.0,0.0,0.28,23.91,0.09,302.0,79.4,7.56,7.72,55.4,4.504
2023-03-31,3,1000.0,0.0,0.25,23.64,0.044,321.3,69.4,7.73,7.63,55.0,4.271
2023-03-31,3,0.0,200.0,0.77,23.97,0.06,201.8,73.6,7.81,7.54,66.3,3.904
2023-03-31,3,250.0,200.0,5.82,23.62,0.115,218.7,88.3,7.38,7.75,71.6,3.453
2023-03-31,3,500.0,200.0,7.88,24.18,0.154,270.0,58.7,7.66,7.67,65.6,5.365
2023-03-31,3,750.0,200.0,6.47,24.76,0.13,321.3,75.4,7.41,7.76,63.7,4.604
2023-03-31,3,1000.0,200.0,-0.05,22.53,0.068,338.2,79.3,7.34,8.51,59.9,4.423
2023-03-31,3,0.0,400.0,2.14,24.38,0.079,180.0,60.7,7.5,7.82,56.8,1.952
2023-03-31,3,250.0,400.0,7.78,25.01,0.135,180.0,81.9,7.47,7.56,57.9,3.111
2023-03-31,3,500.0,400.0,9.37,23.83,0.217,0.0,82.9,7.54,7.52,61.9,3.122
2023-03-31,3,750.0,400.0,7.82,22.75,0.135,0.0,76.1,7.7,7.73,66.5,3.277
2023-03-31,3,1000.0,400.0,2.38,24.5,0.067,0.0,82.0,7.59,7.9,60.7,4.079
2023-03-31,3,0.0,600.0,0.48,25.06,0.082,158.2,79.4,7.69,7.3,46.7,1.753
2023-03-31,3,250.0,600.0,6.12,23.39,0.117,141.3,71.1,7.63,8.12,56.2,2.493
2023-03-31,3,500.0,600.0,7.54,23.73,0.158,90.0,68.7,7.48,8.06,60.3,2.716
2023-03-31,3,750.0,600.0,6.1,24.13,0.108,38.7,50.1,7.52,7.13,71.2,3.478
2023-03-31,3,1000.0,600.0,0.0,23.96,0.056,21.8,80.9,7.38,8.35,64.7,4.088
2023-03-31,3,0.0,800.0,0.97,23.87,0.047,141.3,77.0,7.83,8.14,64.3,2.174
2023-03-31,3,250.0,800.0,-0.13,24.04,0.076,122.0,70.9,7.41,7.42,57.5,2.244
2023-03-31,3,500.0,800.0,1.78,24.61,0.108,90.0,98.5,7.52,7.68,58.9,3.385
2023-03-31,3,750.0,800.0,0.64,23.3,0.097,58.0,97.5,7.69,7.67,64.3,2.597
2023-03-31,3,1000.0,800.0,0.52,23.3,0.048,38.7,80.8,7.59,7.39,56.7,3.0
2023-04-30,4,0.0,0.0,-0.07,24.67,0.041,218.7,78.9,7.68,7.09,53.9,2.892
2023-04-30,4,250.0,0.0,0.68,24.53,0.084,238.0,62.2,7.71,6.92,60.8,3.746
2023-04-30,4,500.0,0.0,2.36,23.43,0.101,270.0,48.8,7.57,7.86,54.5,4.334
2023-04-30,4,750.0,0.0,0.35,25.39,0.076,302.0,56.4,7.58,7.59,43.0,4.559
2023-04-30,4,1000.0,0.0,0.32,24.63,0.055,321.3,53.1,7.43,6.99,47.9,4.345
2023-04-30,4,0.0,200.0,0.82,24.93,0.061,201.8,73.3,7.41,7.02,50.6,3.606
2023-04-30,4,250.0,200.0,6.13,23.9,0.132,218.7,52.9,7.56,7.43,70.1,2.925
2023-04-30,4,500.0,200.0,7.41,23.55,0.151,270.0,67.6,7.59,7.85,54.8,3.799
2023-04-30,4,750.0,200.0,6.02,24.93,0.116,321.3,59.6,7.34,7.9,55.8,3.772
2023-04-30,4,1000.0,200.0,0.47,24.24,0.061,338.2,66.1,7.4,7.82,46.8,3.534
2023-04-30,4,0.0,400.0,1.54,24.64,0.047,180.0,65.5,7.78,7.37,51.4,3.152
2023-04-30,4,250.0,400.0,7.83,24.04,0.14,180.0,56.0,7.65,7.54,59.0,2.274
2023-04-30,4,500.0,400.0,10.31,24.9,0.206,0.0,65.8,7.49,7.71,68.9,3.563
2023-04-30,4,750.0,400.0,8.29,25.38,0.127,0.0,57.3,7.73,6.73,58.8,2.77
2023-04-30,4,1000.0,400.0,1.56,25.78,0.07,0.0,65.2,7.75,7.44,48.0,3.339
2023-04-30,4,0.0,600.0,-0.06,25.15,0.061,158.2,64.5,7.52,7.42,39.4,1.604
2023-04-30,4,250.0,600.0,5.55,26.4,0.123,141.3,60.2,7.63,7.37,49.3,2.973
2023-04-30,4,500.0,600.0,7.78,23.97,0.154,90.0,65.7,7.67,7.08,53.2,2.144
2023-04-30,4,750.0,600.0,6.13,24.43,0.125,38.7,52.9,7.58,7.29,65.3,2.748
2023-04-30,4,1000.0,600.0,0.27,24.04,0.079,21.8,68.9,7.73,8.17,51.5,3.602
2023-04-30,4,0.0,800.0,0.64,25.05,0.04,141.3,64.5,7.55,7.48,45.1,1.563
2023-04-30,4,250.0,800.0,0.56,24.41,0.098,122.0,78.2,7.72,7.71,53.7,2.099
2023-04-30,4,500.0,800.0,1.91,25.31,0.088,90.0,62.5,7.57,7.15,60.0,3.337
2023-04-30,4,750.0,800.0,-0.37,24.17,0.078,58.0,43.7,7.41,7.66,61.6,2.919
2023-04-30,4,1000.0,800.0,1.18,23.77,0.044,38.7,41.2,7.71,7.14,49.7,2.743
2023-05-31,5,0.0,0.0,0.56,24.24,0.054,218.7,58.1,7.4,7.39,43.0,3.544
2023-05-31,5,250.0,0.0,0.5,22.73,0.111,238.0,55.9,7.52,8.13,52.2,3.177
2023-05-31,5,500.0,0.0,1.74,22.34,0.1,270.0,54.1,7.31,8.43,48.2,3.483
2023-05-31,5,750.0,0.0,0.56,22.82,0.073,302.0,47.9,7.71,8.03,47.7,3.557
2023-05-31,5,1000.0,0.0,0.15,22.63,0.033,321.3,31.8,7.44,8.53,42.7,3.968
2023-05-31,5,0.0,200.0,0.77,25.01,0.07,201.8,33.6,7.8,7.92,52.3,3.687
2023-05-31,5,250.0,200.0,6.07,24.54,0.101,218.7,48.3,7.64,7.86,57.7,3.056
2023-05-31,5,500.0,200.0,7.81,25.2,0.147,270.0,20.5,7.74,7.54,47.7,2.066
2023-05-31,5,750.0,200.0,5.67,24.79,0.128,321.3,29.9,7.78,7.68,57.6,2.672
2023-05-31,5,1000.0,200.0,0.62,24.0,0.067,338.2,33.4,7.76,8.21,38.7,2.847
2023-05-31,5,0.0,400.0,1.5,23.47,0.07,180.0,52.6,7.39,7.98,55.5,2.912
2023-05-31,5,250.0,400.0,7.74,25.01,0.13,180.0,59.7,7.51,7.45,49.5,2.93
2023-05-31,5,500.0,400.0,10.5,23.14,0.191,0.0,56.7,7.6,7.53,56.2,1.981
2023-05-31,5,750.0,400.0,7.59,24.46,0.136,0.0,63.3,7.65,7.47,48.8,3.44
2023-05-31,5,1000.0,400.0,1.92,24.47,0.065,0.0,38.1,7.87,7.93,49.7,3.773
2023-05-31,5,0.0,600.0,0.59,23.38,0.055,158.2,57.9,7.66,7.75,45.0,0.921
2023-05-31,5,250.0,600.0,6.2,23.36,0.139,141.3,41.6,7.58,7.98,49.5,1.377
2023-05-31,5,500.0,600.0,8.33,24.49,0.161,90.0,49.0,7.81,7.55,47.8,2.186
2023-05-31,5,750.0,600.0,5.71,23.83,0.136,38.7,61.3,7.65,7.63,52.9,2.449
2023-05-31,5,1000.0,600.0,0.83,23.41,0.06,21.8,46.1,7.68,7.81,40.8,2.295
2023-05-31,5,0.0,800.0,0.18,23.04,0.069,141.3,47.3,7.7,7.47,46.3,1.956
2023-05-31,5,250.0,800.0,0.76,23.33,0.089,122.0,58.9,7.72,7.82,48.1,2.128
2023-05-31,5,500.0,800.0,2.63,23.77,0.09,90.0,49.5,7.54,7.4,55.4,3.323
2023-05-31,5,750.0,800.0,0.63,23.59,0.083,58.0,43.7,7.56,7.1,52.3,1.897
2023-05-31,5,1000.0,800.0,0.48,25.64,0.049,38.7,31.5,7.62,7.79,58.3,2.621
2023-06-30,6,0.0,0.0,0.65,21.66,0.056,218.7,39.0,7.47,7.37,45.6,3.003
2023-06-30,6,250.0,0.0,0.54,21.61,0.076,238.0,55.9,7.5,7.78,44.4,2.88
2023-06-30,6,500.0,0.0,1.91,21.21,0.074,270.0,39.4,7.25,8.06,52.5,3.895
2023-06-30,6,750.0,0.0,0.65,20.73,0.057,302.0,56.3,7.31,7.95,42.0,4.727
2023-06-30,6,1000.0,0.0,0.57,19.75,0.042,321.3,51.9,7.54,8.51,42.0,4.402
2023-06-30,6,0.0,200.0,0.43,20.96,0.086,201.8,36.0,7.7,8.02,41.0,2.26
2023-06-30,6,250.0,200.0,5.88,21.12,0.116,218.7,27.4,7.38,8.08,35.6,3.065
2023-06-30,6,500.0,200.0,7.72,21.24,0.134,270.0,37.9,7.47,8.05,50.9,3.678
2023-06-30,6,750.0,200.0,5.45,22.7,0.109,321.3,58.6,7.38,7.53,56.0,4.289
2023-06-30,6,1000.0,200.0,0.57,21.26,0.074,338.2,53.1,7.45,8.25,36.1,3.493
2023-06-30,6,0.0,400.0,2.25,20.47,0.077,180.0,34.7,7.31,8.35,45.9,2.18
2023-06-30,6,250.0,400.0,8.33,21.52,0.134,180.0,28.3,7.65,8.74,49.4,2.414
2023-06-30,6,500.0,400.0,10.24,21.35,0.2,0.0,36.4,7.58,8.0,49.9,2.107
2023-06-30,6,750.0,400.0,8.2,21.46,0.129,0.0,38.4,7.45,8.6,53.0,2.071
2023-06-30,6,1000.0,400.0,1.75,20.85,0.069,0.0,29.3,7.72,8.7,53.4,2.563
2023-06-30,6,0.0,600.0,-0.03,21.7,0.076,158.2,53.8,7.47,8.44,44.7,2.539
2023-06-30,6,250.0,600.0,6.05,21.17,0.107,141.3,41.3,7.33,8.16,45.1,1.593
2023-06-30,6,500.0,600.0,7.85,21.76,0.136,90.0,39.4,7.48,7.95,54.4,1.601
2023-06-30,6,750.0,600.0,6.41,22.05,0.123,38.7,54.7,7.23,8.02,47.3,1.536
2023-06-30,6,1000.0,600.0,0.52,20.94,0.052,21.8,30.8,7.59,8.16,49.2,3.057
2023-06-30,6,0.0,800.0,0.66,23.32,0.049,141.3,48.9,7.49,7.4,34.4,1.297
2023-06-30,6,250.0,800.0,0.52,20.93,0.071,122.0,27.2,7.55,7.66,48.7,2.248
2023-06-30,6,500.0,800.0,2.51,21.85,0.083,90.0,44.8,7.28,8.21,51.2,0.842
2023-06-30,6,750.0,800.0,0.6,20.03,0.107,58.0,39.7,7.5,8.49,44.4,1.321
2023-06-30,6,1000.0,800.0,1.19,22.51,0.035,38.7,51.5,7.25,8.25,43.9,2.302
2023-07-31,7,0.0,0.0,0.25,19.64,0.043,218.7,45.4,7.32,8.29,34.8,3.169
2023-07-31,7,250.0,0.0,0.35,17.21,0.08,238.0,45.0,7.08,8.68,42.6,3.11
2023-07-31,7,500.0,0.0,1.66,18.14,0.096,270.0,57.7,7.29,8.56,53.6,3.753
2023-07-31,7,750.0,0.0,0.8,16.69,0.099,302.0,27.5,7.11,9.31,41.9,3.82
2023-07-31,7,1000.0,0.0,0.6,17.35,0.05,321.3,53.6,7.23,8.98,32.6,4.17
2023-07-31,7,0.0,200.0,0.1,18.03,0.061,201.8,46.5,7.17,8.97,43.7,2.817
2023-07-31,7,250.0,200.0,6.23,18.33,0.116,218.7,50.9,7.27,8.54,46.9,2.622
2023-07-31,7,500.0,200.0,8.38,18.43,0.148,270.0,53.8,7.38,9.08,48.8,2.464
2023-07-31,7,750.0,200.0,5.64,18.69,0.097,321.3,37.1,6.9,8.77,45.8,2.821
2023-07-31,7,1000.0,200.0,0.7,18.8,0.06,338.2,40.4,7.08,8.47,30.1,3.231
2023-07-31,7,0.0,400.0,1.7,18.96,0.072,180.0,54.3,6.99,8.76,30.3,1.681
2023-07-31,7,250.0,400.0,8.0,18.13,0.117,180.0,67.5,7.15,8.59,46.6,2.214
2023-07-31,7,500.0,400.0,9.83,18.75,0.203,0.0,43.1,7.36,9.14,41.0,1.385
2023-07-31,7,750.0,400.0,7.86,17.7,0.136,0.0,31.9,7.09,9.08,46.2,2.331
2023-07-31,7,1000.0,400.0,1.45,16.34,0.063,0.0,44.5,7.18,9.09,35.0,2.036
2023-07-31,7,0.0,600.0,1.07,17.33,0.056,158.2,53.0,6.97,8.79,41.9,1.262
2023-07-31,7,250.0,600.0,6.36,18.59,0.107,141.3,51.3,7.18,8.83,47.0,2.095
2023-07-31,7,500.0,600.0,7.96,17.58,0.153,90.0,58.9,7.26,8.94,37.2,0.854
2023-07-31,7,750.0,600.0,5.7,16.26,0.118,38.7,47.1,7.41,8.76,43.0,2.095
2023-07-31,7,1000.0,600.0,0.64,18.25,0.06,21.8,36.5,7.23,9.2,43.2,2.322
2023-07-31,7,0.0,800.0,0.43,18.34,0.057,141.3,48.0,7.15,8.9,36.9,1.282
2023-07-31,7,250.0,800.0,0.16,17.95,0.09,122.0,46.1,7.21,8.82,45.4,1.482
2023-07-31,7,500.0,800.0,2.08,18.81,0.079,90.0,43.8,7.69,9.39,40.3,1.439
2023-07-31,7,750.0,800.0,0.88,17.45,0.078,58.0,25.7,7.22,9.6,42.7,1.711
2023-07-31,7,1000.0,800.0,0.58,18.01,0.048,38.7,42.1,7.18,8.92,33.8,1.387
2023-08-31,8,0.0,0.0,0.08,13.53,0.034,218.7,61.6,6.87,9.89,37.6,1.66
2023-08-31,8,250.0,0.0,0.32,15.28,0.075,238.0,46.3,7.24,9.65,45.4,2.784
2023-08-31,8,500.0,0.0,2.09,13.02,0.102,270.0,51.1,6.99,10.0,28.9,2.533
2023-08-31,8,750.0,0.0,1.06,14.22,0.084,302.0,43.9,6.96,9.51,43.0,3.582
2023-08-31,8,1000.0,0.0,0.28,14.54,0.069,321.3,67.7,6.91,9.63,37.8,2.763
2023-08-31,8,0.0,200.0,0.7,13.7,0.073,201.8,64.2,6.87,9.72,32.6,1.168
2023-08-31,8,250.0,200.0,5.96,14.08,0.106,218.7,64.9,7.19,9.29,42.8,2.212
2023-08-31,8,500.0,200.0,8.04,15.05,0.158,270.0,65.8,6.88,8.85,41.0,2.901
2023-08-31,8,750.0,200.0,5.65,15.04,0.122,321.3,75.3,7.13,9.65,40.8,3.056
2023-08-31,8,1000.0,200.0,1.1,14.18,0.078,338.2,49.0,7.05,9.64,39.5,3.225
2023-08-31,8,0.0,400.0,1.89,14.18,0.074,180.0,48.2,6.94,9.7,38.7,1.752
2023-08-31,8,250.0,400.0,7.58,13.92,0.143,180.0,58.0,6.93,9.42,43.2,1.632
2023-08-31,8,500.0,400.0,10.42,14.84,0.207,0.0,63.8,6.92,9.43,52.5,1.678
2023-08-31,8,750.0,400.0,8.37,14.22,0.124,0.0,52.3,7.06,9.97,40.2,0.873
2023-08-31,8,1000.0,400.0,2.15,14.95,0.089,0.0,49.5,7.2,9.95,54.7,2.578
2023-08-31,8,0.0,600.0,0.3,13.56,0.077,158.2,64.9,7.18,9.87,36.7,1.122
2023-08-31,8,250.0,600.0,5.89,14.76,0.113,141.3,76.5,7.02,9.77,33.5,1.42
2023-08-31,8,500.0,600.0,8.48,15.56,0.147,90.0,45.9,7.09,9.12,35.9,1.38
2023-08-31,8,750.0,600.0,5.88,14.93,0.129,38.7,64.3,6.96,9.07,47.0,1.734
2023-08-31,8,1000.0,600.0,0.57,14.94,0.045,21.8,54.5,7.29,9.22,30.5,1.931
2023-08-31,8,0.0,800.0,0.81,13.72,0.036,141.3,56.0,7.19,9.81,31.4,0.599
2023-08-31,8,250.0,800.0,0.17,13.91,0.067,122.0,71.9,7.14,9.72,30.5,1.039
2023-08-31,8,500.0,800.0,2.3,13.3,0.092,90.0,59.1,6.99,9.95,44.6,1.524
2023-08-31,8,750.0,800.0,1.16,14.04,0.088,58.0,53.9,6.99,9.57,45.6,1.984
2023-08-31,8,1000.0,800.0,-0.09,12.85,0.058,38.7,60.3,6.69,9.77,45.7,2.441
2023-09-30,9,0.0,0.0,0.24,11.95,0.05,218.7,84.7,6.65,10.2,25.2,2.076
2023-09-30,9,250.0,0.0,0.56,10.65,0.09,238.0,83.0,6.99,10.16,44.8,4.508
2023-09-30,9,500.0,0.0,2.19,13.28,0.093,270.0,60.9,7.05,9.72,45.5,3.235
2023-09-30,9,750.0,0.0,0.32,12.7,0.081,302.0,82.1,6.9,9.55,35.1,4.307
2023-09-30,9,1000.0,0.0,0.5,11.72,0.055,321.3,61.6,6.79,10.33,36.0,3.37
2023-09-30,9,0.0,200.0,0.35,11.96,0.072,201.8,65.9,6.71,10.1,39.8,1.969
2023-09-30,9,250.0,200.0,5.97,11.35,0.124,218.7,81.8,6.92,10.21,41.1,2.372
2023-09-30,9,500.0,200.0,8.34,11.06,0.146,270.0,94.2,6.84,10.26,50.6,2.23
2023-09-30,9,750.0,200.0,5.78,11.74,0.137,321.3,80.0,7.01,10.45,41.3,2.582
2023-09-30,9,1000.0,200.0,0.8,10.7,0.058,338.2,78.4,6.78,9.99,38.1,3.476
2023-09-30,9,0.0,400.0,1.86,11.52,0.082,180.0,79.1,7.18,9.69,30.9,1.942
2023-09-30,9,250.0,400.0,8.44,12.71,0.142,180.0,77.6,6.97,9.96,40.0,1.856
2023-09-30,9,500.0,400.0,10.18,11.83,0.194,0.0,80.7,6.63,9.82,52.4,2.645
2023-09-30,9,750.0,400.0,7.98,12.65,0.141,0.0,80.0,6.95,10.38,46.5,2.596
2023-09-30,9,1000.0,400.0,2.0,13.39,0.078,0.0,76.6,6.9,9.59,36.0,2.477
2023-09-30,9,0.0,600.0,0.3,11.31,0.062,158.2,77.4,7.09,10.4,43.3,0.9
2023-09-30,9,250.0,600.0,5.7,12.09,0.114,141.3,83.0,6.68,10.32,44.7,1.303
2023-09-30,9,500.0,600.0,7.98,11.7,0.152,90.0,93.6,6.82,10.14,50.1,1.583
2023-09-30,9,750.0,600.0,5.54,12.25,0.094,38.7,79.1,6.78,10.04,45.6,2.735
2023-09-30,9,1000.0,600.0,0.36,13.82,0.069,21.8,72.8,6.79,9.64,42.2,2.787
2023-09-30,9,0.0,800.0,0.15,11.29,0.022,141.3,89.6,6.93,10.09,37.4,0.824
2023-09-30,9,250.0,800.0,0.04,11.58,0.081,122.0,81.1,6.8,9.5,37.5,1.201
2023-09-30,9,500.0,800.0,2.47,13.24,0.085,90.0,76.3,6.82,9.21,38.9,1.003
2023-09-30,9,750.0,800.0,0.53,12.73,0.075,58.0,77.8,6.93,9.73,38.1,1.896
2023-09-30,9,1000.0,800.0,0.89,10.03,0.026,38.7,75.0,7.02,9.95,23.7,1.826
2023-10-31,10,0.0,0.0,0.57,10.21,0.039,218.7,90.3,6.82,10.18,44.6,1.495
2023-10-31,10,250.0,0.0,-0.05,10.53,0.091,238.0,107.0,6.8,9.82,45.8,4.464
2023-10-31,10,500.0,0.0,2.63,11.93,0.085,270.0,109.7,6.68,10.07,42.5,3.54
2023-10-31,10,750.0,0.0,0.49,11.98,0.081,302.0,89.2,6.69,10.33,40.0,4.038
2023-10-31,10,1000.0,0.0,0.59,11.22,0.042,321.3,112.0,6.71,10.77,38.2,3.964
2023-10-31,10,0.0,200.0,0.24,10.79,0.054,201.8,94.6,6.92,9.69,44.0,2.847
2023-10-31,10,250.0,200.0,6.15,11.86,0.119,218.7,102.1,6.83,9.7,51.4,3.278
2023-10-31,10,500.0,200.0,8.45,11.41,0.156,270.0,95.7,6.58,10.06,54.4,2.129
2023-10-31,10,750.0,200.0,6.51,11.55,0.116,321.3,88.5,6.91,10.16,47.9,2.685
2023-10-31,10,1000.0,200.0,0.3,9.61,0.068,338.2,94.5,6.64,10.52,47.4,3.953
2023-10-31,10,0.0,400.0,2.56,11.26,0.07,180.0,82.0,6.44,10.42,43.7,2.551
2023-10-31,10,250.0,400.0,7.75,10.93,0.152,180.0,91.1,6.95,10.14,52.5,2.001
2023-10-31,10,500.0,400.0,9.68,10.21,0.201,0.0,92.1,6.74,9.96,44.8,2.371
2023-10-31,10,750.0,400.0,7.5,9.35,0.143,0.0,96.8,6.94,10.59,58.3,3.337
2023-10-31,10,1000.0,400.0,1.29,11.24,0.095,0.0,92.2,6.82,10.21,40.4,3.081
2023-10-31,10,0.0,600.0,0.09,12.5,0.071,158.2,104.2,6.84,9.9,34.5,2.312
2023-10-31,10,250.0,600.0,5.98,11.23,0.125,141.3,80.0,6.63,10.45,44.9,1.322
2023-10-31,10,500.0,600.0,7.61,10.5,0.134,90.0,107.3,6.77,10.15,48.5,1.148
2023-10-31,10,750.0,600.0,5.8,10.96,0.12,38.7,84.2,6.66,10.06,39.8,1.989
2023-10-31,10,1000.0,600.0,0.32,10.45,0.061,21.8,85.7,6.82,10.5,46.4,3.162
2023-10-31,10,0.0,800.0,0.32,9.75,0.055,141.3,88.2,7.02,10.36,48.1,1.345
2023-10-31,10,250.0,800.0,0.09,9.38,0.071,122.0,99.0,6.71,10.23,42.6,1.751
2023-10-31,10,500.0,800.0,2.15,10.67,0.104,90.0,110.1,6.63,10.59,45.6,1.746
2023-10-31,10,750.0,800.0,0.43,11.32,0.065,58.0,107.2,6.83,10.03,47.9,2.686
2023-10-31,10,1000.0,800.0,0.6,11.67,0.045,38.7,86.4,6.66,9.79,47.6,2.917
2023-11-30,11,0.0,0.0,0.65,11.23,0.061,218.7,118.1,6.83,10.39,46.3,3.026
2023-11-30,11,250.0,0.0,0.09,12.38,0.084,238.0,121.4,6.56,9.67,45.6,3.611
2023-11-30,11,500.0,0.0,1.64,11.26,0.103,270.0,120.2,6.85,9.65,51.9,3.535
2023-11-30,11,750.0,0.0,0.35,12.33,0.093,302.0,135.4,7.03,10.24,40.8,4.356
2023-11-30,11,1000.0,0.0,0.18,11.22,0.067,321.3,116.8,6.97,9.97,49.6,3.709
2023-11-30,11,0.0,200.0,0.66,11.4,0.074,201.8,114.0,6.69,9.36,49.7,3.201
2023-11-30,11,250.0,200.0,6.14,11.54,0.135,218.7,109.7,7.03,10.17,62.2,3.254
2023-11-30,11,500.0,200.0,8.26,12.25,0.15,270.0,105.1,6.77,9.81,58.0,3.95
2023-11-30,11,750.0,200.0,5.98,12.07,0.114,321.3,124.1,6.93,9.7,54.3,3.218
2023-11-30,11,1000.0,200.0,0.94,11.46,0.066,338.2,111.6,6.97,9.92,43.4,3.55
2023-11-30,11,0.0,400.0,2.08,11.66,0.056,180.0,92.5,7.06,9.75,54.9,2.863
2023-11-30,11,250.0,400.0,7.65,10.7,0.124,180.0,121.3,7.03,10.79,58.3,3.148
2023-11-30,11,500.0,400.0,9.76,10.2,0.211,0.0,102.7,6.71,9.95,47.2,2.377
2023-11-30,11,750.0,400.0,8.07,11.76,0.134,0.0,122.3,6.7,10.61,44.8,2.409
2023-11-30,11,1000.0,400.0,1.65,11.48,0.093,0.0,123.0,6.89,9.78,48.6,3.85
2023-11-30,11,0.0,600.0,0.23,12.22,0.054,158.2,106.2,6.87,9.81,38.2,0.631
2023-11-30,11,250.0,600.0,5.83,12.62,0.108,141.3,118.8,6.87,9.97,52.2,2.813
2023-11-30,11,500.0,600.0,7.94,12.49,0.154,90.0,117.3,6.95,9.86,47.7,2.643
2023-11-30,11,750.0,600.0,6.11,11.86,0.126,38.7,114.1,6.92,9.95,62.5,3.302
2023-11-30,11,1000.0,600.0,0.44,12.76,0.077,21.8,123.8,6.78,9.5,45.6,3.212
2023-11-30,11,0.0,800.0,0.57,11.5,0.044,141.3,121.6,7.03,10.0,43.6,1.827
2023-11-30,11,250.0,800.0,0.89,12.61,0.088,122.0,119.8,6.78,10.08,40.8,2.275
2023-11-30,11,500.0,800.0,1.82,11.8,0.091,90.0,105.5,6.79,10.14,51.5,1.667
2023-11-30,11,750.0,800.0,0.76,11.87,0.072,58.0,111.6,6.7,10.12,47.3,2.697
2023-11-30,11,1000.0,800.0,0.66,11.93,0.028,38.7,116.2,6.81,10.38,49.0,3.386
2023-12-31,12,0.0,0.0,0.44,15.81,0.059,218.7,133.1,6.84,9.13,49.8,3.885
2023-12-31,12,250.0,0.0,0.74,14.32,0.083,238.0,133.9,7.1,9.99,48.0,3.718
2023-12-31,12,500.0,0.0,1.93,15.68,0.094,270.0,113.0,6.84,9.45,50.8,3.422
2023-12-31,12,750.0,0.0,0.8,14.52,0.087,302.0,117.0,6.99,8.53,53.6,4.032
2023-12-31,12,1000.0,0.0,0.12,15.04,0.057,321.3,123.8,6.85,9.44,44.0,4.254
2023-12-31,12,0.0,200.0,0.71,14.55,0.057,201.8,99.8,7.22,9.34,53.8,2.848
2023-12-31,12,250.0,200.0,5.51,14.3,0.118,218.7,126.3,7.01,9.7,64.9,4.561
2023-12-31,12,500.0,200.0,7.57,14.43,0.145,270.0,122.4,7.14,9.65,58.2,3.26
2023-12-31,12,750.0,200.0,6.48,13.55,0.12,321.3,119.5,6.84,9.81,57.1,4.096
2023-12-31,12,1000.0,200.0,0.81,14.51,0.073,338.2,110.3,7.1,9.49,40.3,4.063
2023-12-31,12,0.0,400.0,2.34,14.49,0.047,180.0,118.9,6.93,10.0,49.0,2.922
2023-12-31,12,250.0,400.0,7.91,14.7,0.128,180.0,112.0,7.22,9.36,56.6,2.338
2023-12-31,12,500.0,400.0,10.15,14.6,0.213,0.0,115.3,6.85,9.03,64.0,3.205
2023-12-31,12,750.0,400.0,7.76,13.41,0.138,0.0,127.0,7.08,9.84,59.4,3.444
2023-12-31,12,1000.0,400.0,1.99,13.62,0.087,0.0,88.2,7.04,9.77,45.0,2.641
2023-12-31,12,0.0,600.0,0.61,13.97,0.078,158.2,112.7,7.16,9.72,44.1,1.72
2023-12-31,12,250.0,600.0,6.22,13.99,0.118,141.3,136.7,6.87,9.58,58.9,1.725
2023-12-31,12,500.0,600.0,8.17,15.63,0.149,90.0,115.2,7.14,9.25,56.0,2.742
2023-12-31,12,750.0,600.0,6.48,14.61,0.117,38.7,109.1,6.87,9.5,66.6,2.933
2023-12-31,12,1000.0,600.0,1.33,15.08,0.062,21.8,113.5,6.69,9.32,52.2,3.084
2023-12-31,12,0.0,800.0,0.62,13.96,0.058,141.3,90.9,7.08,9.25,39.8,0.1
2023-12-31,12,250.0,800.0,0.64,15.16,0.072,122.0,110.4,7.1,9.69,56.8,2.382
2023-12-31,12,500.0,800.0,2.12,14.57,0.104,90.0,119.6,7.36,9.82,58.4,2.537
2023-12-31,12,750.0,800.0,0.43,14.07,0.078,58.0,122.9,6.78,9.95,51.6,3.052
2023-12-31,12,1000.0,800.0,0.47,14.38,0.053,38.7,107.4,7.07,8.93,41.3,2.879
2024-01-31,1,0.0,0.0,0.65,16.88,0.049,218.7,107.6,7.16,8.54,51.3,3.818
2024-01-31,1,250.0,0.0,0.26,18.55,0.083,238.0,113.2,7.37,8.84,47.7,3.476
2024-01-31,1,500.0,0.0,2.3,17.32,0.114,270.0,119.4,7.29,8.77,54.6,4.868
2024-01-31,1,750.0,0.0,1.0,18.47,0.085,302.0,128.8,7.27,8.53,53.7,4.624
2024-01-31,1,1000.0,0.0,0.4,17.9,0.04,321.3,117.7,7.1,8.73,48.5,5.116
2024-01-31,1,0.0,200.0,0.93,18.61,0.061,201.8,95.5,7.3,8.44,58.6,3.13
2024-01-31,1,250.0,200.0,5.83,15.9,0.125,218.7,140.1,7.28,9.22,71.4,4.983
2024-01-31,1,500.0,200.0,8.07,17.34,0.156,270.0,102.4,7.11,8.89,57.7,3.264
2024-01-31,1,750.0,200.0,5.61,18.88,0.119,321.3,92.7,7.43,8.97,57.0,3.898
2024-01-31,1,1000.0,200.0,0.41,19.22,0.08,338.2,113.8,7.05,7.92,47.9,3.457
2024-01-31,1,0.0,400.0,2.4,18.5,0.066,180.0,111.8,7.18,8.63,52.8,2.716
2024-01-31,1,250.0,400.0,8.26,18.1,0.147,180.0,113.2,7.13,8.52,60.0,2.121
2024-01-31,1,500.0,400.0,9.49,18.54,0.189,0.0,120.7,7.14,8.37,59.6,2.828
2024-01-31,1,750.0,400.0,8.0,18.79,0.15,0.0,100.6,7.29,8.58,63.7,2.973
2024-01-31,1,1000.0,400.0,2.41,18.31,0.076,0.0,92.4,7.02,9.01,58.5,3.663
2024-01-31,1,0.0,600.0,0.48,18.07,0.068,158.2,122.6,7.34,8.45,59.6,2.106
2024-01-31,1,250.0,600.0,5.98,18.15,0.103,141.3,114.3,7.22,8.6,74.7,3.681
2024-01-31,1,500.0,600.0,8.19,17.6,0.159,90.0,103.1,7.24,8.63,60.4,3.209
2024-01-31,1,750.0,600.0,6.52,17.41,0.13,38.7,101.3,7.14,9.05,66.3,3.701
2024-01-31,1,1000.0,600.0,0.67,17.82,0.082,21.8,115.3,7.23,9.54,46.6,3.573
2024-01-31,1,0.0,800.0,0.68,16.47,0.056,141.3,115.6,7.13,8.86,59.9,1.871
2024-01-31,1,250.0,800.0,0.13,17.51,0.084,122.0,104.5,7.0,9.02,52.6,2.692
2024-01-31,1,500.0,800.0,2.25,16.98,0.102,90.0,116.8,7.36,8.87,65.2,3.399
2024-01-31,1,750.0,800.0,0.74,18.26,0.092,58.0,100.7,7.17,9.06,58.4,3.081
2024-01-31,1,1000.0,800.0,0.47,17.47,0.056,38.7,114.2,7.31,9.82,59.1,2.777
2024-02-29,2,0.0,0.0,0.37,20.06,0.045,218.7,96.7,7.51,8.01,61.4,4.077
2024-02-29,2,250.0,0.0,0.65,21.36,0.065,238.0,91.9,7.52,8.46,49.6,3.702
2024-02-29,2,500.0,0.0,1.7,21.57,0.101,270.0,89.3,7.54,8.79,59.7,4.423
2024-02-29,2,750.0,0.0,0.09,21.29,0.078,302.0,99.3,7.5,7.94,55.9,4.481
2024-02-29,2,1000.0,0.0,0.58,21.43,0.029,321.3,100.2,7.52,8.41,51.9,4.548
2024-02-29,2,0.0,200.0,0.28,22.78,0.064,201.8,107.3,7.4,7.77,58.8,3.294
2024-02-29,2,250.0,200.0,6.34,22.08,0.118,218.7,103.5,7.45,7.9,60.9,2.851
2024-02-29,2,500.0,200.0,8.03,20.04,0.143,270.0,92.9,7.19,8.91,63.9,3.318
2024-02-29,2,750.0,200.0,6.04,21.85,0.121,321.3,108.4,7.46,8.16,52.8,3.739
2024-02-29,2,1000.0,200.0,0.27,21.75,0.054,338.2,87.3,7.34,7.76,59.3,5.275
2024-02-29,2,0.0,400.0,1.37,21.62,0.095,180.0,104.0,7.39,7.85,57.4,2.156
2024-02-29,2,250.0,400.0,8.21,21.39,0.138,180.0,95.8,7.35,8.44,63.2,2.205
2024-02-29,2,500.0,400.0,10.27,20.89,0.189,0.0,100.7,7.55,8.37,67.4,3.148
2024-02-29,2,750.0,400.0,8.14,20.95,0.145,0.0,93.4,7.31,8.38,69.9,3.34
2024-02-29,2,1000.0,400.0,1.61,21.4,0.056,0.0,100.2,7.43,7.99,57.4,4.1
2024-02-29,2,0.0,600.0,1.18,20.67,0.053,158.2,95.6,7.59,8.27,50.3,2.884
2024-02-29,2,250.0,600.0,6.22,21.53,0.118,141.3,116.1,7.4,8.17,54.8,2.408
2024-02-29,2,500.0,600.0,8.12,20.68,0.152,90.0,100.5,7.24,8.29,62.0,3.975
2024-02-29,2,750.0,600.0,6.27,21.4,0.121,38.7,97.9,7.51,8.22,78.0,3.125
2024-02-29,2,1000.0,600.0,0.81,21.2,0.046,21.8,102.1,7.26,8.68,55.3,3.506
2024-02-29,2,0.0,800.0,0.72,22.07,0.055,141.3,123.9,7.73,7.76,62.5,2.714
2024-02-29,2,250.0,800.0,0.68,21.66,0.067,122.0,101.0,7.41,8.38,58.9,3.223
2024-02-29,2,500.0,800.0,1.99,21.39,0.086,90.0,105.2,7.65,7.94,51.9,2.847
2024-02-29,2,750.0,800.0,0.66,20.8,0.077,58.0,99.9,7.42,9.11,59.0,2.374
2024-02-29,2,1000.0,800.0,0.67,20.02,0.044,38.7,95.7,7.55,8.3,52.1,3.384
2024-03-31,3,0.0,0.0,0.4,24.18,0.045,218.7,87.7,7.9,7.82,60.7,3.623
2024-03-31,3,250.0,0.0,0.47,24.66,0.074,238.0,86.5,7.69,7.48,55.6,3.199
2024-03-31,3,500.0,0.0,1.81,24.88,0.107,270.0,86.0,7.79,7.56,52.3,4.712
2024-03-31,3,750.0,0.0,0.57,24.93,0.07,302.0,82.1,7.58,7.43,53.4,4.5
2024-03-31,3,1000.0,0.0,0.49,24.11,0.051,321.3,70.7,7.52,7.16,60.0,4.582
2024-03-31,3,0.0,200.0,0.19,24.15,0.066,201.8,69.2,7.52,7.72,58.9,3.552
2024-03-31,3,250.0,200.0,6.25,23.29,0.124,218.7,74.6,7.48,7.32,61.4,2.677
2024-03-31,3,500.0,200.0,7.82,25.32,0.159,270.0,84.6,7.32,7.08,69.7,3.718
2024-03-31,3,750.0,200.0,6.14,23.63,0.102,321.3,77.5,7.58,8.05,55.5,3.364
2024-03-31,3,1000.0,200.0,0.35,23.07,0.081,338.2,68.7,7.38,7.8,57.5,4.572
2024-03-31,3,0.0,400.0,2.09,23.65,0.07,180.0,68.0,7.81,7.71,55.9,2.179
2024-03-31,3,250.0,400.0,7.88,22.76,0.13,180.0,100.2,7.73,7.61,64.8,3.22
2024-03-31,3,500.0,400.0,10.02,24.62,0.208,0.0,82.8,7.52,7.4,69.0,3.447
2024-03-31,3,750.0,400.0,7.85,23.78,0.129,0.0,87.7,7.39,7.78,54.8,2.897
2024-03-31,3,1000.0,400.0,2.77,24.55,0.053,0.0,74.4,7.46,7.33,52.5,4.464
2024-03-31,3,0.0,600.0,1.38,23.72,0.055,158.2,84.2,7.64,7.96,64.3,2.943
2024-03-31,3,250.0,600.0,6.36,24.94,0.112,141.3,74.5,7.35,7.66,65.8,3.944
2024-03-31,3,500.0,600.0,7.92,23.96,0.161,90.0,71.5,7.43,7.34,61.6,3.203
2024-03-31,3,750.0,600.0,5.9,23.84,0.137,38.7,58.0,7.25,7.68,68.2,3.256
2024-03-31,3,1000.0,600.0,0.75,25.14,0.066,21.8,64.9,7.35,6.75,53.6,3.406
2024-03-31,3,0.0,800.0,0.18,24.31,0.047,141.3,100.7,7.34,7.9,54.1,2.655
2024-03-31,3,250.0,800.0,0.14,23.73,0.089,122.0,87.8,7.33,7.29,52.1,2.323
2024-03-31,3,500.0,800.0,1.76,23.54,0.102,90.0,77.4,7.32,7.65,57.5,2.77
2024-03-31,3,750.0,800.0,0.55,23.63,0.094,58.0,88.9,7.3,7.41,49.6,2.55
2024-03-31,3,1000.0,800.0,0.53,22.93,0.051,38.7,88.0,7.58,8.05,45.6,2.94
2024-04-30,4,0.0,0.0,0.14,25.43,0.046,218.7,60.9,7.47,7.36,43.9,3.825
2024-04-30,4,250.0,0.0,0.32,24.32,0.076,238.0,54.6,7.71,7.51,48.2,4.377
2024-04-30,4,500.0,0.0,2.59,25.07,0.105,270.0,60.4,7.24,7.65,55.5,4.133
2024-04-30,4,750.0,0.0,0.28,25.6,0.075,302.0,53.9,7.47,7.14,58.1,4.361
2024-04-30,4,1000.0,0.0,0.19,24.5,0.05,321.3,67.5,7.6,7.74,55.3,4.941
2024-04-30,4,0.0,200.0,0.44,24.58,0.077,201.8,54.8,7.49,7.79,50.0,3.238
2024-04-30,4,250.0,200.0,6.1,24.65,0.106,218.7,61.1,7.86,7.18,66.3,4.028
2024-04-30,4,500.0,200.0,7.79,24.67,0.146,270.0,70.2,7.54,8.12,61.3,2.765
2024-04-30,4,750.0,200.0,5.95,26.03,0.119,321.3,52.5,7.8,7.3,54.8,4.729
2024-04-30,4,1000.0,200.0,0.58,25.0,0.055,338.2,54.7,7.55,7.33,47.0,2.86
2024-04-30,4,0.0,400.0,1.89,24.54,0.055,180.0,48.2,7.61,7.19,58.1,2.575
2024-04-30,4,250.0,400.0,7.81,24.17,0.135,180.0,58.0,7.59,7.81,64.9,2.371
2024-04-30,4,500.0,400.0,9.96,23.24,0.193,0.0,76.0,7.71,7.94,61.5,2.142
2024-04-30,4,750.0,400.0,7.68,24.01,0.134,0.0,69.5,7.85,8.13,65.5,3.238
2024-04-30,4,1000.0,400.0,1.8,23.92,0.077,0.0,60.2,7.89,7.96,61.7,3.971
2024-04-30,4,0.0,600.0,0.45,25.77,0.072,158.2,59.8,7.48,6.75,48.4,1.85
2024-04-30,4,250.0,600.0,5.41,25.23,0.12,141.3,62.5,7.55,7.43,63.2,2.718
2024-04-30,4,500.0,600.0,7.85,24.16,0.158,90.0,34.7,7.57,7.59,59.7,2.604
2024-04-30,4,750.0,600.0,5.89,26.63,0.103,38.7,64.7,7.53,7.51,56.2,3.075
2024-04-30,4,1000.0,600.0,0.85,24.48,0.058,21.8,32.6,7.78,8.03,50.8,2.797
2024-04-30,4,0.0,800.0,0.53,25.55,0.047,141.3,53.9,7.59,7.69,51.6,1.768
2024-04-30,4,250.0,800.0,0.39,24.86,0.077,122.0,76.4,7.57,7.44,50.1,2.7
2024-04-30,4,500.0,800.0,2.19,25.96,0.103,90.0,44.8,7.68,7.45,48.6,1.267
2024-04-30,4,750.0,800.0,0.45,24.95,0.088,58.0,45.5,7.61,7.78,54.8,2.924
2024-04-30,4,1000.0,800.0,0.27,25.9,0.054,38.7,42.6,7.66,7.19,52.2,2.975
2024-05-31,5,0.0,0.0,0.44,23.89,0.049,218.7,55.1,7.61,7.73,40.5,2.822
2024-05-31,5,250.0,0.0,0.74,21.8,0.076,238.0,59.0,7.66,7.56,46.9,4.151
2024-05-31,5,500.0,0.0,1.71,23.26,0.097,270.0,45.8,7.46,7.35,56.1,3.541
2024-05-31,5,750.0,0.0,0.37,23.45,0.099,302.0,39.3,7.48,7.41,36.7,3.376
2024-05-31,5,1000.0,0.0,0.51,23.28,0.055,321.3,31.3,7.56,7.72,48.5,3.993
2024-05-31,5,0.0,200.0,0.77,24.59,0.066,201.8,63.0,7.7,7.55,46.1,1.56
2024-05-31,5,250.0,200.0,6.43,23.92,0.129,218.7,46.2,7.53,8.01,51.4,2.323
2024-05-31,5,500.0,200.0,7.62,24.12,0.148,270.0,27.9,7.6,7.33,62.3,3.34
2024-05-31,5,750.0,200.0,6.04,23.95,0.119,321.3,45.8,7.7,7.61,47.7,2.988
2024-05-31,5,1000.0,200.0,0.56,25.57,0.049,338.2,43.7,7.65,7.09,48.7,3.172
2024-05-31,5,0.0,400.0,1.95,24.37,0.072,180.0,43.8,7.5,7.05,43.9,2.387
2024-05-31,5,250.0,400.0,8.3,25.16,0.137,180.0,38.6,7.54,7.15,54.1,1.539
2024-05-31,5,500.0,400.0,9.88,23.98,0.193,0.0,51.5,7.54,7.59,55.5,2.2
2024-05-31,5,750.0,400.0,8.17,23.56,0.152,0.0,46.3,7.6,7.44,54.1,2.038
2024-05-31,5,1000.0,400.0,2.14,24.09,0.071,0.0,52.3,7.36,7.43,50.9,4.464
2024-05-31,5,0.0,600.0,1.01,24.32,0.064,158.2,54.9,7.42,7.69,43.4,2.318
2024-05-31,5,250.0,600.0,5.85,24.62,0.106,141.3,52.5,7.29,7.92,63.1,2.44
2024-05-31,5,500.0,600.0,7.9,24.84,0.129,90.0,48.3,7.43,8.05,54.1,1.711
2024-05-31,5,750.0,600.0,5.47,23.76,0.124,38.7,47.4,7.54,7.41,55.3,1.988
2024-05-31,5,1000.0,600.0,0.46,23.98,0.071,21.8,64.8,7.28,7.67,40.6,1.652
2024-05-31,5,0.0,800.0,0.55,23.44,0.053,141.3,52.4,7.86,7.46,43.6,1.556
2024-05-31,5,250.0,800.0,0.31,23.01,0.11,122.0,45.6,7.57,8.26,49.5,1.552
2024-05-31,5,500.0,800.0,2.26,24.38,0.104,90.0,41.1,7.61,7.5,52.6,1.093
2024-05-31,5,750.0,800.0,0.92,23.91,0.069,58.0,34.9,7.63,7.58,47.4,2.594
2024-05-31,5,1000.0,800.0,0.59,23.83,0.051,38.7,44.3,8.01,7.61,49.5,2.229
2024-06-30,6,0.0,0.0,0.59,21.17,0.048,218.7,58.2,7.58,8.25,30.6,2.445
2024-06-30,6,250.0,0.0,0.61,20.31,0.07,238.0,18.8,7.51,8.26,59.6,2.89
2024-06-30,6,500.0,0.0,1.28,22.04,0.114,270.0,25.0,7.18,8.57,41.1,2.746
2024-06-30,6,750.0,0.0,0.88,22.02,0.084,302.0,40.8,7.14,7.8,46.3,3.82
2024-06-30,6,1000.0,0.0,0.26,21.53,0.071,321.3,26.2,7.61,8.21,45.1,4.436
2024-06-30,6,0.0,200.0,1.31,22.38,0.063,201.8,54.4,7.43,7.72,31.6,2.575
2024-06-30,6,250.0,200.0,5.72,21.69,0.114,218.7,35.3,7.49,7.83,43.3,1.46
2024-06-30,6,500.0,200.0,7.32,21.32,0.146,270.0,47.2,7.19,7.73,50.6,3.32
2024-06-30,6,750.0,200.0,6.35,20.73,0.124,321.3,32.0,7.42,7.63,53.9,3.295
2024-06-30,6,1000.0,200.0,0.6,22.28,0.059,338.2,40.0,7.5,7.36,44.7,3.225
2024-06-30,6,0.0,400.0,1.76,20.5,0.077,180.0,37.3,7.41,8.44,38.2,2.384
2024-06-30,6,250.0,400.0,7.33,21.26,0.132,180.0,33.7,7.59,8.58,47.0,1.029
2024-06-30,6,500.0,400.0,9.53,21.53,0.211,0.0,50.9,7.39,7.39,48.9,2.755
2024-06-30,6,750.0,400.0,8.37,22.5,0.122,0.0,62.3,7.2,8.17,48.6,1.95
2024-06-30,6,1000.0,400.0,2.5,21.69,0.081,0.0,44.9,7.25,8.6,53.7,3.521
2024-06-30,6,0.0,600.0,0.32,21.41,0.049,158.2,40.3,7.42,8.59,41.2,1.577
2024-06-30,6,250.0,600.0,5.83,20.97,0.114,141.3,33.0,7.3,8.16,42.3,1.594
2024-06-30,6,500.0,600.0,7.73,21.36,0.146,90.0,11.0,7.65,7.95,50.8,1.636
2024-06-30,6,750.0,600.0,6.15,21.02,0.128,38.7,51.7,7.15,7.8,50.7,2.387
2024-06-30,6,1000.0,600.0,0.98,20.86,0.06,21.8,40.4,7.47,8.17,46.5,2.879
2024-06-30,6,0.0,800.0,0.17,21.65,0.058,141.3,35.8,7.11,8.57,34.7,0.743
2024-06-30,6,250.0,800.0,0.61,22.52,0.073,122.0,30.2,7.16,8.08,38.9,1.529
2024-06-30,6,500.0,800.0,2.38,21.31,0.104,90.0,31.1,7.52,7.64,48.1,1.156
2024-06-30,6,750.0,800.0,0.29,21.92,0.09,58.0,48.6,7.38,8.25,42.7,3.13
2024-06-30,6,1000.0,800.0,0.2,22.19,0.055,38.7,41.7,7.57,7.65,44.6,1.787
2024-07-31,7,0.0,0.0,0.17,17.25,0.044,218.7,39.9,7.17,9.26,37.1,1.78
2024-07-31,7,250.0,0.0,0.79,19.76,0.094,238.0,41.8,7.22,8.38,41.3,3.766
2024-07-31,7,500.0,0.0,2.46,18.98,0.103,270.0,46.7,7.19,8.56,39.6,2.329
2024-07-31,7,750.0,0.0,0.47,17.39,0.084,302.0,47.5,7.43,8.74,45.3,4.328
2024-07-31,7,1000.0,0.0,0.54,17.0,0.059,321.3,30.0,7.44,8.89,43.2,3.54
2024-07-31,7,0.0,200.0,0.84,17.95,0.057,201.8,49.8,7.23,9.19,42.6,1.964
2024-07-31,7,250.0,200.0,5.6,19.1,0.111,218.7,55.6,7.15,8.88,47.9,3.337
2024-07-31,7,500.0,200.0,8.08,18.6,0.15,270.0,46.3,7.18,8.47,44.8,2.849
2024-07-31,7,750.0,200.0,5.76,18.24,0.105,321.3,39.9,7.48,8.82,37.8,2.022
2024-07-31,7,1000.0,200.0,0.45,17.29,0.07,338.2,46.7,7.14,8.6,40.7,3.175
2024-07-31,7,0.0,400.0,2.65,17.88,0.077,180.0,55.0,7.24,8.99,52.6,2.077
2024-07-31,7,250.0,400.0,8.02,20.11,0.148,180.0,51.3,7.21,8.64,42.9,3.07
2024-07-31,7,500.0,400.0,9.66,18.19,0.201,0.0,38.2,7.11,8.89,39.9,1.912
2024-07-31,7,750.0,400.0,8.33,18.04,0.132,0.0,54.9,7.13,8.82,44.5,2.708
2024-07-31,7,1000.0,400.0,1.95,19.27,0.063,0.0,54.1,7.34,8.5,31.6,3.648
2024-07-31,7,0.0,600.0,0.4,18.86,0.067,158.2,30.3,6.91,8.52,30.8,0.951
2024-07-31,7,250.0,600.0,6.05,17.33,0.117,141.3,56.3,7.33,8.83,44.7,0.83
2024-07-31,7,500.0,600.0,7.73,19.87,0.161,90.0,36.8,7.28,8.27,49.6,1.174
2024-07-31,7,750.0,600.0,6.18,18.05,0.118,38.7,41.6,6.98,8.93,55.4,1.891
2024-07-31,7,1000.0,600.0,0.48,18.33,0.058,21.8,57.0,7.2,9.16,45.7,2.244
2024-07-31,7,0.0,800.0,0.65,16.86,0.041,141.3,46.1,7.33,8.57,41.6,1.51
2024-07-31,7,250.0,800.0,0.56,19.37,0.087,122.0,37.7,7.01,8.32,32.8,1.794
2024-07-31,7,500.0,800.0,2.14,17.83,0.091,90.0,35.0,7.32,8.65,43.9,1.337
2024-07-31,7,750.0,800.0,0.27,18.58,0.073,58.0,49.8,7.18,8.46,41.8,1.192
2024-07-31,7,1000.0,800.0,0.3,15.83,0.06,38.7,43.9,6.99,9.15,37.3,1.771
2024-08-31,8,0.0,0.0,0.33,16.33,0.039,218.7,78.7,6.83,9.63,35.5,2.878
2024-08-31,8,250.0,0.0,0.44,15.57,0.073,238.0,69.3,6.91,9.47,42.7,3.466
2024-08-31,8,500.0,0.0,2.03,15.24,0.102,270.0,70.2,6.91,9.2,34.6,3.387
2024-08-31,8,750.0,0.0,0.87,14.19,0.082,302.0,73.1,6.93,9.17,35.6,3.685
2024-08-31,8,1000.0,0.0,0.77,14.09,0.061,321.3,66.8,7.21,10.15,35.1,2.402
2024-08-31,8,0.0,200.0,0.48,15.29,0.059,201.8,61.3,6.93,8.99,34.5,1.355
2024-08-31,8,250.0,200.0,5.49,14.04,0.13,218.7,56.4,7.4,9.73,42.7,1.114
2024-08-31,8,500.0,200.0,8.43,14.31,0.147,270.0,74.7,7.08,9.69,37.0,2.629
2024-08-31,8,750.0,200.0,6.42,15.55,0.121,321.3,46.4,6.93,9.26,39.9,2.635
2024-08-31,8,1000.0,200.0,0.25,14.29,0.061,338.2,58.1,7.17,9.97,36.9,3.728
2024-08-31,8,0.0,400.0,2.0,14.29,0.063,180.0,73.7,7.18,9.56,38.4,2.784
2024-08-31,8,250.0,400.0,8.42,13.7,0.124,180.0,56.7,7.21,9.94,42.5,1.792
2024-08-31,8,500.0,400.0,9.72,14.22,0.189,0.0,54.1,6.97,9.17,48.9,2.552
2024-08-31,8,750.0,400.0,8.21,14.61,0.133,0.0,59.5,6.86,9.48,42.4,2.146
2024-08-31,8,1000.0,400.0,2.11,15.23,0.076,0.0,60.7,7.31,8.96,36.3,2.629
2024-08-31,8,0.0,600.0,0.66,13.36,0.062,158.2,63.9,7.12,9.57,39.1,1.253
2024-08-31,8,250.0,600.0,5.82,14.56,0.121,141.3,69.7,7.15,9.67,38.7,1.794
2024-08-31,8,500.0,600.0,7.42,13.85,0.16,90.0,68.6,6.99,9.67,42.0,2.239
2024-08-31,8,750.0,600.0,6.01,14.15,0.121,38.7,72.7,6.82,9.38,58.3,2.014
2024-08-31,8,1000.0,600.0,0.63,14.48,0.078,21.8,45.8,7.13,9.78,29.2,2.029
2024-08-31,8,0.0,800.0,0.44,14.32,0.025,141.3,69.7,6.91,9.58,32.5,1.147
2024-08-31,8,250.0,800.0,0.47,14.18,0.071,122.0,60.8,7.14,9.55,32.1,1.117
2024-08-31,8,500.0,800.0,1.63,15.38,0.106,90.0,67.2,7.35,9.2,44.6,1.657
2024-08-31,8,750.0,800.0,0.09,12.84,0.089,58.0,57.6,7.32,9.41,30.1,0.698
2024-08-31,8,1000.0,800.0,0.02,13.78,0.043,38.7,68.1,7.02,9.29,41.9,1.506
2024-09-30,9,0.0,0.0,0.6,11.65,0.042,218.7,85.0,6.93,10.49,38.3,2.891
2024-09-30,9,250.0,0.0,-0.07,10.83,0.081,238.0,89.0,6.97,9.98,37.5,2.749
2024-09-30,9,500.0,0.0,2.21,11.23,0.08,270.0,76.7,6.96,10.93,40.0,2.385
2024-09-30,9,750.0,0.0,0.4,11.64,0.081,302.0,88.1,7.02,10.17,37.8,3.461
2024-09-30,9,1000.0,0.0,0.41,11.78,0.063,321.3,94.7,6.85,10.26,44.9,3.927
2024-09-30,9,0.0,200.0,0.37,12.29,0.067,201.8,79.0,6.58,10.06,42.1,2.113
2024-09-30,9,250.0,200.0,5.32,11.72,0.123,218.7,89.7,6.69,9.88,38.6,1.827
2024-09-30,9,500.0,200.0,8.12,12.02,0.163,270.0,70.9,7.0,10.22,39.3,2.444
2024-09-30,9,750.0,200.0,6.01,12.4,0.112,321.3,84.6,7.08,10.31,38.4,3.157
2024-09-30,9,1000.0,200.0,0.57,11.83,0.078,338.2,66.8,7.18,9.93,39.8,3.787
2024-09-30,9,0.0,400.0,1.61,12.33,0.09,180.0,77.7,6.68,9.71,46.7,2.159
2024-09-30,9,250.0,400.0,7.65,11.38,0.147,180.0,81.2,6.8,9.76,43.9,2.146
2024-09-30,9,500.0,400.0,10.3,11.88,0.212,0.0,76.4,7.04,9.68,47.8,1.303
2024-09-30,9,750.0,400.0,7.71,11.52,0.144,0.0,69.8,6.9,9.32,35.9,1.922
2024-09-30,9,1000.0,400.0,1.82,12.14,0.065,0.0,62.1,6.81,10.08,38.9,1.942
2024-09-30,9,0.0,600.0,0.33,11.29,0.07,158.2,95.0,7.06,10.01,35.8,0.211
2024-09-30,9,250.0,600.0,5.64,11.26,0.128,141.3,75.2,6.93,9.97,42.0,1.301
2024-09-30,9,500.0,600.0,8.32,12.95,0.147,90.0,84.9,6.67,10.25,52.1,2.447
2024-09-30,9,750.0,600.0,6.02,10.67,0.116,38.7,71.8,6.91,10.47,45.8,2.585
2024-09-30,9,1000.0,600.0,0.98,13.08,0.066,21.8,77.4,6.72,9.89,39.2,1.951
2024-09-30,9,0.0,800.0,0.06,12.05,0.037,141.3,76.7,6.65,9.93,40.0,1.457
2024-09-30,9,250.0,800.0,0.54,10.47,0.058,122.0,86.2,7.01,10.05,38.2,1.485
2024-09-30,9,500.0,800.0,1.77,12.05,0.097,90.0,73.0,7.11,10.06,27.7,1.297
2024-09-30,9,750.0,800.0,0.62,11.71,0.075,58.0,66.0,6.84,10.42,44.7,2.62
2024-09-30,9,1000.0,800.0,0.94,10.47,0.044,38.7,93.3,6.78,10.13,30.0,2.765
2024-10-31,10,0.0,0.0,0.11,11.73,0.051,218.7,104.2,6.79,9.54,38.1,3.016
2024-10-31,10,250.0,0.0,0.17,10.32,0.1,238.0,93.3,6.65,10.88,47.7,2.831
2024-10-31,10,500.0,0.0,1.91,11.57,0.103,270.0,99.5,6.8,10.13,42.2,2.906
2024-10-31,10,750.0,0.0,0.67,11.27,0.093,302.0,75.1,6.73,10.53,38.9,3.283
2024-10-31,10,1000.0,0.0,0.75,11.24,0.048,321.3,116.7,6.48,10.26,51.5,4.53
2024-10-31,10,0.0,200.0,0.26,11.55,0.067,201.8,109.6,6.62,10.74,47.6,2.838
2024-10-31,10,250.0,200.0,6.33,11.21,0.122,218.7,96.6,6.69,10.26,47.5,3.479
2024-10-31,10,500.0,200.0,7.47,11.38,0.143,270.0,93.0,6.76,10.27,51.0,2.279
2024-10-31,10,750.0,200.0,5.69,12.35,0.138,321.3,91.2,6.82,9.74,48.6,3.382
2024-10-31,10,1000.0,200.0,1.0,10.97,0.059,338.2,100.3,6.47,9.85,36.9,3.803
2024-10-31,10,0.0,400.0,2.33,9.85,0.099,180.0,97.7,6.44,10.49,45.6,2.067
2024-10-31,10,250.0,400.0,7.62,10.91,0.153,180.0,103.0,6.92,10.03,53.0,0.912
2024-10-31,10,500.0,400.0,10.3,10.1,0.211,0.0,91.8,6.98,10.34,38.5,1.066
2024-10-31,10,750.0,400.0,8.24,13.35,0.141,0.0,89.7,6.54,9.62,40.7,1.638
2024-10-31,10,1000.0,400.0,2.26,11.66,0.078,0.0,98.4,6.98,10.07,44.1,2.963
2024-10-31,10,0.0,600.0,0.3,11.3,0.045,158.2,114.6,6.71,10.26,34.6,1.907
2024-10-31,10,250.0,600.0,5.78,10.0,0.111,141.3,97.9,6.86,10.61,46.7,1.403
2024-10-31,10,500.0,600.0,7.93,10.67,0.138,90.0,100.3,7.02,10.18,53.7,2.802
2024-10-31,10,750.0,600.0,5.7,10.24,0.111,38.7,105.2,6.72,10.29,54.4,2.167
2024-10-31,10,1000.0,600.0,0.71,11.78,0.061,21.8,88.7,6.64,10.26,43.4,2.502
2024-10-31,10,0.0,800.0,0.38,10.39,0.042,141.3,96.1,6.86,9.93,38.8,1.188
2024-10-31,10,250.0,800.0,0.61,11.75,0.083,122.0,107.8,6.8,9.77,39.7,1.327
2024-10-31,10,500.0,800.0,2.43,9.43,0.103,90.0,104.6,6.96,10.49,53.5,2.45
2024-10-31,10,750.0,800.0,0.42,9.45,0.086,58.0,76.2,6.85,10.68,55.3,2.311
2024-10-31,10,1000.0,800.0,0.77,10.84,0.044,38.7,114.0,7.03,10.69,40.8,3.009
2024-11-30,11,0.0,0.0,0.22,10.06,0.041,218.7,131.4,6.72,10.32,42.3,3.549
2024-11-30,11,250.0,0.0,0.31,13.43,0.076,238.0,106.1,7.22,9.84,50.4,3.809
2024-11-30,11,500.0,0.0,2.06,11.35,0.1,270.0,112.8,6.88,9.87,42.4,4.361
2024-11-30,11,750.0,0.0,0.58,12.28,0.076,302.0,107.5,6.55,9.54,47.8,3.424
2024-11-30,11,1000.0,0.0,0.84,12.34,0.052,321.3,111.2,6.88,10.08,42.5,4.044
2024-11-30,11,0.0,200.0,0.39,12.29,0.052,201.8,100.3,6.73,9.31,41.5,2.693
2024-11-30,11,250.0,200.0,6.76,11.04,0.11,218.7,107.1,6.86,9.67,55.9,3.716
2024-11-30,11,500.0,200.0,7.81,12.75,0.149,270.0,149.9,6.67,9.94,50.2,3.02
2024-11-30,11,750.0,200.0,5.98,11.31,0.109,321.3,123.2,6.89,10.11,55.0,3.766
2024-11-30,11,1000.0,200.0,0.48,11.08,0.074,338.2,114.1,7.14,10.52,53.9,4.004
2024-11-30,11,0.0,400.0,1.41,11.94,0.06,180.0,109.2,7.15,10.55,44.3,2.526
2024-11-30,11,250.0,400.0,8.05,11.44,0.135,180.0,123.6,6.73,10.64,63.7,2.9
2024-11-30,11,500.0,400.0,9.78,11.9,0.189,0.0,99.9,7.0,10.04,57.3,2.273
2024-11-30,11,750.0,400.0,8.43,11.59,0.133,0.0,101.6,6.79,10.37,60.4,3.457
2024-11-30,11,1000.0,400.0,2.1,13.19,0.085,0.0,95.1,6.66,10.16,47.2,2.92
2024-11-30,11,0.0,600.0,0.72,10.74,0.059,158.2,114.5,6.83,10.11,49.3,1.683
2024-11-30,11,250.0,600.0,6.0,12.81,0.13,141.3,106.6,6.77,9.43,52.6,2.412
2024-11-30,11,500.0,600.0,7.89,11.01,0.153,90.0,111.1,6.72,9.92,43.1,2.556
2024-11-30,11,750.0,600.0,5.46,10.47,0.131,38.7,123.6,6.8,10.49,48.9,3.124
2024-11-30,11,1000.0,600.0,0.12,10.82,0.06,21.8,135.6,6.85,10.18,51.6,3.815
2024-11-30,11,0.0,800.0,0.15,12.25,0.051,141.3,102.9,6.99,9.42,42.4,1.317
2024-11-30,11,250.0,800.0,0.1,10.86,0.078,122.0,105.7,6.94,10.0,46.2,0.957
2024-11-30,11,500.0,800.0,1.79,12.79,0.112,90.0,101.8,6.69,10.61,58.6,2.319
2024-11-30,11,750.0,800.0,0.06,11.14,0.075,58.0,97.1,6.87,10.72,63.3,2.782
2024-11-30,11,1000.0,800.0,0.78,11.43,0.061,38.7,111.7,6.97,9.94,46.9,2.775
2024-12-31,12,0.0,0.0,0.74,15.07,0.032,218.7,117.7,7.11,9.6,59.6,4.434
2024-12-31,12,250.0,0.0,0.73,14.87,0.078,238.0,104.8,7.12,9.25,55.0,3.69
2024-12-31,12,500.0,0.0,2.1,13.88,0.112,270.0,113.5,6.95,8.98,55.5,2.999
2024-12-31,12,750.0,0.0,0.37,14.12,0.074,302.0,119.6,7.2,8.98,52.6,4.583
2024-12-31,12,1000.0,0.0,0.58,14.94,0.049,321.3,106.6,6.89,9.37,59.4,4.617
2024-12-31,12,0.0,200.0,0.9,14.73,0.08,201.8,120.3,7.13,9.65,52.0,3.305
2024-12-31,12,250.0,200.0,5.62,15.27,0.108,218.7,124.0,7.16,9.42,62.1,2.545
2024-12-31,12,500.0,200.0,8.02,14.12,0.159,270.0,136.8,6.78,9.9,62.5,2.725
2024-12-31,12,750.0,200.0,6.06,14.44,0.133,321.3,118.2,7.09,9.52,53.7,3.799
2024-12-31,12,1000.0,200.0,0.83,14.11,0.066,338.2,117.5,6.97,9.74,58.7,4.46
2024-12-31,12,0.0,400.0,1.99,15.53,0.066,180.0,120.6,7.31,8.79,50.7,2.642
2024-12-31,12,250.0,400.0,7.92,16.06,0.137,180.0,126.9,7.23,9.34,55.9,2.778
2024-12-31,12,500.0,400.0,10.81,13.8,0.199,0.0,105.9,6.97,9.6,61.2,2.534
2024-12-31,12,750.0,400.0,7.8,14.08,0.131,0.0,133.5,6.52,9.67,59.5,2.52
2024-12-31,12,1000.0,400.0,2.36,14.17,0.065,0.0,112.8,7.05,9.45,57.1,3.234
2024-12-31,12,0.0,600.0,0.84,14.75,0.069,158.2,108.7,6.83,9.54,45.0,1.765
2024-12-31,12,250.0,600.0,6.07,14.19,0.111,141.3,117.9,7.24,8.92,61.7,2.001
2024-12-31,12,500.0,600.0,8.19,12.95,0.146,90.0,118.5,6.64,9.9,54.1,2.427
2024-12-31,12,750.0,600.0,6.09,14.97,0.125,38.7,93.5,7.2,9.19,64.5,3.254
2024-12-31,12,1000.0,600.0,0.51,12.85,0.072,21.8,141.2,6.96,9.18,54.4,3.521
2024-12-31,12,0.0,800.0,0.65,15.78,0.04,141.3,132.2,6.76,8.93,38.4,1.303
2024-12-31,12,250.0,800.0,0.09,15.09,0.094,122.0,132.5,7.12,9.97,55.3,2.328
2024-12-31,12,500.0,800.0,2.39,15.35,0.091,90.0,115.7,7.26,9.2,50.6,2.587
2024-12-31,12,750.0,800.0,0.24,14.19,0.089,58.0,99.3,7.18,9.33,50.7,2.254
2024-12-31,12,1000.0,800.0,0.48,15.1,0.06,38.7,123.0,7.07,9.33,60.5,2.493
2025-01-31,1,0.0,0.0,0.54,18.65,0.051,218.7,106.2,6.94,8.71,56.4,4.472
2025-01-31,1,250.0,0.0,0.71,17.32,0.078,238.0,108.2,7.3,8.74,58.0,3.948
2025-01-31,1,500.0,0.0,1.77,19.57,0.114,270.0,114.2,7.39,8.15,63.8,4.939
2025-01-31,1,750.0,0.0,0.69,17.64,0.081,302.0,117.1,7.27,9.07,61.9,4.846
2025-01-31,1,1000.0,0.0,0.27,18.85,0.057,321.3,109.1,7.36,8.85,61.9,4.672
2025-01-31,1,0.0,200.0,0.12,19.89,0.077,201.8,110.9,7.01,8.29,57.2,3.727
2025-01-31,1,250.0,200.0,5.42,18.27,0.105,218.7,107.3,7.36,9.03,69.1,4.512
2025-01-31,1,500.0,200.0,8.26,15.64,0.15,270.0,108.2,7.11,8.97,63.7,3.208
2025-01-31,1,750.0,200.0,5.59,20.35,0.115,321.3,121.9,7.56,8.73,60.6,4.169
2025-01-31,1,1000.0,200.0,0.11,18.17,0.06,338.2,115.2,7.14,8.18,57.7,5.411
2025-01-31,1,0.0,400.0,1.82,17.11,0.091,180.0,97.2,7.37,8.3,56.0,4.215
2025-01-31,1,250.0,400.0,7.98,17.53,0.144,180.0,139.2,7.5,8.86,65.4,3.814
2025-01-31,1,500.0,400.0,9.75,17.43,0.189,0.0,125.9,7.1,8.73,62.4,3.254
2025-01-31,1,750.0,400.0,7.99,18.01,0.12,0.0,126.7,7.11,8.89,67.6,3.203
2025-01-31,1,1000.0,400.0,2.14,18.46,0.081,0.0,118.6,7.34,8.81,55.5,3.455
2025-01-31,1,0.0,600.0,0.5,17.95,0.054,158.2,114.1,7.22,8.99,50.1,3.199
2025-01-31,1,250.0,600.0,5.96,18.7,0.113,141.3,115.4,7.23,8.39,50.8,2.426
2025-01-31,1,500.0,600.0,8.14,18.82,0.12,90.0,129.0,7.04,8.32,60.7,2.471
2025-01-31,1,750.0,600.0,5.86,17.34,0.11,38.7,101.8,7.06,9.36,60.6,3.021
2025-01-31,1,1000.0,600.0,0.43,17.75,0.069,21.8,117.8,7.27,9.08,63.5,3.813
2025-01-31,1,0.0,800.0,0.57,17.5,0.057,141.3,127.5,7.16,8.96,48.5,1.497
2025-01-31,1,250.0,800.0,0.77,19.15,0.08,122.0,107.6,7.04,8.54,55.6,2.734
2025-01-31,1,500.0,800.0,2.07,17.11,0.081,90.0,130.0,7.06,9.32,60.2,1.852
2025-01-31,1,750.0,800.0,0.35,19.05,0.094,58.0,123.3,7.25,8.5,52.7,3.859
2025-01-31,1,1000.0,800.0,0.11,18.04,0.047,38.7,96.3,7.41,8.84,56.9,3.718
2025-02-28,2,0.0,0.0,0.31,21.41,0.056,218.7,98.2,7.28,8.62,54.3,4.049
2025-02-28,2,250.0,0.0,1.03,21.57,0.11,238.0,107.9,7.13,8.53,63.8,4.017
2025-02-28,2,500.0,0.0,1.93,21.05,0.103,270.0,96.9,7.35,8.0,65.9,4.627
2025-02-28,2,750.0,0.0,0.8,21.64,0.066,302.0,104.5,7.39,7.83,62.3,4.506
2025-02-28,2,1000.0,0.0,0.04,22.28,0.039,321.3,108.7,7.45,7.42,52.6,4.168
2025-02-28,2,0.0,200.0,-0.06,22.34,0.077,201.8,101.0,7.37,8.05,69.8,2.949
2025-02-28,2,250.0,200.0,6.37,21.13,0.117,218.7,104.8,7.24,8.48,61.7,2.896
2025-02-28,2,500.0,200.0,8.08,21.29,0.158,270.0,92.3,7.31,8.15,59.2,3.124
2025-02-28,2,750.0,200.0,5.55,22.51,0.099,321.3,106.2,7.41,7.76,58.1,3.385
2025-02-28,2,1000.0,200.0,0.85,20.63,0.06,338.2,100.3,7.3,8.72,52.9,3.507
2025-02-28,2,0.0,400.0,2.23,21.48,0.066,180.0,97.5,7.34,8.1,52.6,3.237
2025-02-28,2,250.0,400.0,7.73,21.01,0.145,180.0,86.5,7.31,8.2,59.0,2.112
2025-02-28,2,500.0,400.0,9.85,19.28,0.221,0.0,98.2,7.66,8.58,70.0,3.152
2025-02-28,2,750.0,400.0,7.87,20.91,0.116,0.0,96.9,7.49,8.21,68.7,4.227
2025-02-28,2,1000.0,400.0,1.35,21.05,0.075,0.0,85.7,7.58,8.4,58.2,4.491
2025-02-28,2,0.0,600.0,-0.04,21.24,0.071,158.2,88.3,7.43,7.7,56.7,1.777
2025-02-28,2,250.0,600.0,6.63,21.24,0.111,141.3,96.3,7.34,8.34,65.4,2.497
2025-02-28,2,500.0,600.0,7.8,21.66,0.128,90.0,92.2,7.28,7.93,73.1,4.244
2025-02-28,2,750.0,600.0,6.32,21.51,0.125,38.7,90.2,7.51,8.61,68.3,4.158
2025-02-28,2,1000.0,600.0,0.7,20.67,0.057,21.8,108.2,7.46,8.31,54.2,3.814
2025-02-28,2,0.0,800.0,0.64,21.14,0.041,141.3,102.9,7.28,8.15,46.8,2.205
2025-02-28,2,250.0,800.0,0.13,21.42,0.095,122.0,117.3,7.06,8.16,66.9,2.709
2025-02-28,2,500.0,800.0,2.07,20.56,0.095,90.0,104.7,7.67,8.21,47.9,2.607
2025-02-28,2,750.0,800.0,0.04,22.18,0.071,58.0,102.6,7.6,7.96,55.6,2.835
2025-02-28,2,1000.0,800.0,0.27,22.66,0.049,38.7,93.4,7.16,7.56,61.3,3.46
2025-03-31,3,0.0,0.0,0.46,24.45,0.045,218.7,71.5,7.59,7.32,50.5,3.148
2025-03-31,3,250.0,0.0,-0.12,23.71,0.083,238.0,80.1,7.69,7.51,49.3,4.751
2025-03-31,3,500.0,0.0,2.16,23.89,0.092,270.0,95.4,7.7,7.9,55.9,4.438
2025-03-31,3,750.0,0.0,0.45,24.19,0.096,302.0,80.1,7.79,7.15,49.6,3.401
2025-03-31,3,1000.0,0.0,0.89,23.24,0.057,321.3,86.1,7.77,7.76,66.2,4.101
2025-03-31,3,0.0,200.0,0.39,24.25,0.065,201.8,43.1,7.43,7.49,64.6,2.722
2025-03-31,3,250.0,200.0,5.7,24.95,0.109,218.7,76.2,7.54,7.58,70.9,3.477
2025-03-31,3,500.0,200.0,7.93,24.39,0.148,270.0,74.0,7.77,7.5,66.1,4.27
2025-03-31,3,750.0,200.0,6.11,25.3,0.122,321.3,82.4,7.49,7.36,59.9,3.016
2025-03-31,3,1000.0,200.0,0.71,24.78,0.077,338.2,78.0,7.5,7.6,59.4,4.675
2025-03-31,3,0.0,400.0,2.05,23.01,0.09,180.0,83.9,7.43,7.66,53.0,2.312
2025-03-31,3,250.0,400.0,8.46,24.67,0.116,180.0,71.6,7.75,7.54,60.1,3.019
2025-03-31,3,500.0,400.0,10.31,24.42,0.186,0.0,88.5,7.68,7.19,61.4,3.46
2025-03-31,3,750.0,400.0,8.81,24.23,0.143,0.0,86.2,7.65,7.53,60.1,3.56
2025-03-31,3,1000.0,400.0,2.31,23.88,0.065,0.0,70.6,7.49,7.96,57.6,5.04
2025-03-31,3,0.0,600.0,1.32,24.94,0.074,158.2,84.9,7.31,7.54,60.6,2.226
2025-03-31,3,250.0,600.0,6.27,23.24,0.126,141.3,75.2,7.55,7.76,63.1,1.483
2025-03-31,3,500.0,600.0,7.77,25.32,0.147,90.0,79.5,7.44,7.09,64.6,2.145
2025-03-31,3,750.0,600.0,6.12,25.2,0.112,38.7,82.9,7.66,7.8,65.3,3.363
2025-03-31,3,1000.0,600.0,0.56,24.15,0.066,21.8,73.6,7.54,7.94,57.7,3.079
2025-03-31,3,0.0,800.0,0.79,25.54,0.057,141.3,75.8,7.38,7.21,60.4,1.316
2025-03-31,3,250.0,800.0,0.6,23.39,0.079,122.0,72.6,7.51,6.67,52.5,1.685
2025-03-31,3,500.0,800.0,1.93,25.1,0.103,90.0,86.7,7.44,7.75,56.9,1.984
2025-03-31,3,750.0,800.0,0.74,24.11,0.075,58.0,81.3,7.4,8.29,51.6,2.047
2025-03-31,3,1000.0,800.0,0.22,24.12,0.045,38.7,91.9,7.35,7.49,55.8,2.29
2025-04-30,4,0.0,0.0,0.25,24.36,0.043,218.7,61.9,7.58,7.4,53.7,4.358
2025-04-30,4,250.0,0.0,0.48,25.53,0.078,238.0,56.0,7.84,7.78,50.5,3.637
2025-04-30,4,500.0,0.0,1.6,26.03,0.098,270.0,59.4,7.62,7.38,60.6,3.314
2025-04-30,4,750.0,0.0,0.89,23.99,0.094,302.0,72.9,7.55,7.81,48.0,4.158
2025-04-30,4,1000.0,0.0,0.31,24.38,0.066,321.3,67.4,7.52,7.42,55.0,4.381
2025-04-30,4,0.0,200.0,0.99,25.46,0.046,201.8,58.2,7.62,7.23,54.1,3.151
2025-04-30,4,250.0,200.0,5.8,26.6,0.117,218.7,56.9,7.65,7.29,56.4,2.675
2025-04-30,4,500.0,200.0,8.18,25.13,0.147,270.0,70.6,7.42,7.1,49.4,2.779
2025-04-30,4,750.0,200.0,6.09,25.49,0.105,321.3,73.5,7.57,7.74,54.7,4.058
2025-04-30,4,1000.0,200.0,0.38,26.28,0.077,338.2,66.4,7.5,7.02,52.3,4.309
2025-04-30,4,0.0,400.0,1.83,24.64,0.066,180.0,62.3,7.69,7.77,51.0,2.659
2025-04-30,4,250.0,400.0,7.64,22.72,0.129,180.0,65.4,7.91,7.93,52.4,2.041
2025-04-30,4,500.0,400.0,10.4,23.93,0.199,0.0,55.1,7.38,7.32,62.6,2.134
2025-04-30,4,750.0,400.0,7.33,26.2,0.162,0.0,57.2,7.3,7.29,52.1,3.193
2025-04-30,4,1000.0,400.0,1.7,25.07,0.082,0.0,42.8,7.46,7.29,53.1,4.402
2025-04-30,4,0.0,600.0,0.79,24.95,0.077,158.2,57.8,7.63,7.11,50.8,2.522
2025-04-30,4,250.0,600.0,5.86,25.69,0.11,141.3,68.1,7.43,7.51,63.3,3.529
2025-04-30,4,500.0,600.0,8.33,25.07,0.149,90.0,57.2,7.72,7.66,60.7,2.734
2025-04-30,4,750.0,600.0,6.12,25.9,0.111,38.7,68.1,7.75,7.26,54.0,3.259
2025-04-30,4,1000.0,600.0,0.57,25.18,0.057,21.8,56.5,7.65,7.58,59.6,3.421
2025-04-30,4,0.0,800.0,0.69,25.17,0.047,141.3,51.8,7.71,7.39,48.5,1.474
2025-04-30,4,250.0,800.0,1.36,27.26,0.073,122.0,56.5,7.51,7.09,49.6,2.219
2025-04-30,4,500.0,800.0,1.94,24.73,0.105,90.0,60.0,7.56,7.36,51.3,2.429
2025-04-30,4,750.0,800.0,0.42,26.08,0.068,58.0,81.0,7.59,7.85,55.4,2.707
2025-04-30,4,1000.0,800.0,0.99,24.43,0.059,38.7,82.1,7.65,7.28,59.9,4.228
2025-05-31,5,0.0,0.0,0.49,23.92,0.045,218.7,52.5,7.74,7.83,47.3,3.937
2025-05-31,5,250.0,0.0,0.44,22.91,0.08,238.0,54.8,7.69,8.1,46.8,3.035
2025-05-31,5,500.0,0.0,1.79,23.64,0.111,270.0,53.1,7.33,7.79,39.9,3.241
2025-05-31,5,750.0,0.0,0.84,24.4,0.07,302.0,45.2,7.5,7.84,52.1,3.552
2025-05-31,5,1000.0,0.0,0.46,24.69,0.059,321.3,45.1,7.28,8.41,54.1,4.75
2025-05-31,5,0.0,200.0,0.41,23.83,0.076,201.8,49.7,7.53,7.67,46.8,3.421
2025-05-31,5,250.0,200.0,5.61,23.2,0.121,218.7,33.6,7.48,7.68,53.1,2.937
2025-05-31,5,500.0,200.0,8.13,23.22,0.145,270.0,53.8,7.53,7.65,54.0,4.293
2025-05-31,5,750.0,200.0,5.95,23.84,0.123,321.3,51.2,7.59,8.23,42.9,2.975
2025-05-31,5,1000.0,200.0,0.27,23.63,0.064,338.2,58.0,7.59,7.48,44.8,4.318
2025-05-31,5,0.0,400.0,1.78,25.76,0.068,180.0,55.1,7.19,7.12,39.5,1.722
2025-05-31,5,250.0,400.0,8.02,24.21,0.135,180.0,35.4,7.56,7.67,46.6,2.502
2025-05-31,5,500.0,400.0,10.35,24.41,0.212,0.0,47.0,7.19,7.37,52.8,1.452
2025-05-31,5,750.0,400.0,7.73,22.77,0.144,0.0,48.8,7.45,7.68,46.7,2.347
2025-05-31,5,1000.0,400.0,2.48,24.67,0.09,0.0,42.8,7.06,7.61,48.6,3.354
2025-05-31,5,0.0,600.0,-0.44,23.15,0.064,158.2,46.0,7.3,7.85,45.0,2.663
2025-05-31,5,250.0,600.0,5.74,24.99,0.121,141.3,54.6,7.55,7.34,55.3,2.535
2025-05-31,5,500.0,600.0,7.65,24.03,0.13,90.0,53.5,7.71,7.76,48.9,1.109
2025-05-31,5,750.0,600.0,6.33,24.56,0.12,38.7,62.0,7.59,7.36,57.9,2.506
2025-05-31,5,1000.0,600.0,0.52,24.51,0.052,21.8,51.7,7.65,7.83,51.7,2.932
2025-05-31,5,0.0,800.0,0.92,23.8,0.058,141.3,65.2,7.31,7.25,44.9,2.736
2025-05-31,5,250.0,800.0,0.31,22.4,0.074,122.0,46.9,7.53,8.31,49.5,2.475
2025-05-31,5,500.0,800.0,1.47,23.35,0.087,90.0,43.8,7.39,7.89,48.6,1.983
2025-05-31,5,750.0,800.0,0.35,24.8,0.067,58.0,41.5,7.57,7.19,52.1,2.057
2025-05-31,5,1000.0,800.0,0.48,24.15,0.051,38.7,55.3,7.64,8.24,57.9,2.982
2025-06-30,6,0.0,0.0,-0.65,21.07,0.062,218.7,32.0,7.34,8.12,45.2,2.153
2025-06-30,6,250.0,0.0,0.56,21.36,0.082,238.0,53.4,7.29,7.77,45.1,3.082
2025-06-30,6,500.0,0.0,1.9,22.15,0.114,270.0,10.6,7.25,8.34,45.6,2.631
2025-06-30,6,750.0,0.0,-0.1,22.95,0.069,302.0,56.4,7.41,8.35,42.2,3.699
2025-06-30,6,1000.0,0.0,0.7,20.44,0.053,321.3,35.6,7.53,8.48,43.7,3.993
2025-06-30,6,0.0,200.0,0.18,22.0,0.069,201.8,46.4,7.28,7.76,41.3,2.638
2025-06-30,6,250.0,200.0,7.01,21.17,0.127,218.7,29.4,7.12,7.93,50.8,3.172
2025-06-30,6,500.0,200.0,7.81,21.43,0.131,270.0,62.1,7.52,8.81,52.8,3.475
2025-06-30,6,750.0,200.0,6.02,21.33,0.119,321.3,51.4,7.42,8.4,50.7,3.373
2025-06-30,6,1000.0,200.0,0.99,21.19,0.068,338.2,30.8,7.44,7.5,41.5,3.207
2025-06-30,6,0.0,400.0,2.45,21.32,0.055,180.0,26.7,7.15,8.5,46.5,2.194
2025-06-30,6,250.0,400.0,8.34,21.24,0.14,180.0,42.7,7.32,8.72,47.7,1.931
2025-06-30,6,500.0,400.0,10.59,21.35,0.204,0.0,50.3,7.62,8.04,46.0,2.121
2025-06-30,6,750.0,400.0,7.71,21.62,0.124,0.0,38.3,7.41,8.13,61.5,2.241
2025-06-30,6,1000.0,400.0,1.59,22.15,0.066,0.0,42.3,7.42,8.12,44.2,3.709
2025-06-30,6,0.0,600.0,0.78,21.15,0.061,158.2,61.9,7.36,8.43,42.4,0.881
2025-06-30,6,250.0,600.0,5.34,22.17,0.118,141.3,29.3,7.29,8.27,38.1,1.939
2025-06-30,6,500.0,600.0,8.25,20.36,0.158,90.0,59.1,7.3,8.29,43.8,3.149
2025-06-30,6,750.0,600.0,5.4,21.2,0.123,38.7,43.2,7.49,8.6,42.4,1.812
2025-06-30,6,1000.0,600.0,0.54,22.8,0.051,21.8,43.7,7.31,7.52,45.8,2.792
2025-06-30,6,0.0,800.0,-0.11,22.34,0.044,141.3,47.9,7.54,7.69,48.9,1.102
2025-06-30,6,250.0,800.0,0.34,20.6,0.078,122.0,43.8,7.77,8.57,38.6,1.932
2025-06-30,6,500.0,800.0,2.07,22.19,0.091,90.0,47.7,7.37,8.27,40.7,1.442
2025-06-30,6,750.0,800.0,0.63,23.25,0.09,58.0,49.6,7.39,7.53,42.2,1.829
2025-06-30,6,1000.0,800.0,0.97,20.83,0.047,38.7,49.0,7.54,8.34,45.6,2.349
2025-07-31,7,0.0,0.0,0.57,18.5,0.062,218.7,43.7,7.4,8.05,49.0,2.107
2025-07-31,7,250.0,0.0,0.26,17.81,0.096,238.0,32.2,7.23,8.65,44.6,4.079
2025-07-31,7,500.0,0.0,1.9,19.53,0.1,270.0,32.1,7.5,8.79,43.3,2.639
2025-07-31,7,750.0,0.0,0.43,17.6,0.084,302.0,35.2,6.94,8.63,37.8,3.407
2025-07-31,7,1000.0,0.0,0.38,18.74,0.057,321.3,47.4,6.85,8.71,43.7,4.156
2025-07-31,7,0.0,200.0,0.31,17.88,0.065,201.8,55.4,7.04,8.95,37.3,2.466
2025-07-31,7,250.0,200.0,5.76,16.6,0.123,218.7,49.9,7.07,8.94,40.6,2.58
2025-07-31,7,500.0,200.0,8.17,19.01,0.143,270.0,35.6,7.18,8.5,39.5,2.621
2025-07-31,7,750.0,200.0,6.3,17.29,0.116,321.3,30.9,7.27,9.43,48.2,3.128
2025-07-31,7,1000.0,200.0,0.63,17.42,0.048,338.2,49.5,7.26,9.33,38.3,3.457
2025-07-31,7,0.0,400.0,1.98,17.56,0.076,180.0,40.3,7.24,9.23,37.2,1.226
2025-07-31,7,250.0,400.0,8.3,17.31,0.138,180.0,61.3,7.09,8.33,47.0,1.411
2025-07-31,7,500.0,400.0,10.16,16.58,0.212,0.0,56.0,7.58,8.99,55.1,2.07
2025-07-31,7,750.0,400.0,8.19,18.27,0.154,0.0,51.8,7.15,8.39,41.2,2.241
2025-07-31,7,1000.0,400.0,2.0,16.2,0.065,0.0,49.7,7.23,9.03,32.1,2.849
2025-07-31,7,0.0,600.0,0.68,18.66,0.065,158.2,36.3,6.93,8.57,35.1,1.276
2025-07-31,7,250.0,600.0,6.3,18.48,0.116,141.3,59.4,7.02,8.57,41.4,2.333
2025-07-31,7,500.0,600.0,7.59,18.84,0.147,90.0,37.0,7.11,8.87,44.4,1.931
2025-07-31,7,750.0,600.0,6.02,18.07,0.139,38.7,57.1,7.13,8.74,39.3,1.591
2025-07-31,7,1000.0,600.0,0.42,19.49,0.071,21.8,23.9,7.1,8.51,47.5,1.806
2025-07-31,7,0.0,800.0,0.31,17.77,0.057,141.3,46.9,7.22,8.96,37.4,1.293
2025-07-31,7,250.0,800.0,0.3,18.38,0.076,122.0,39.6,7.22,8.32,50.5,0.966
2025-07-31,7,500.0,800.0,2.07,17.65,0.105,90.0,47.7,7.06,9.31,38.0,2.005
2025-07-31,7,750.0,800.0,0.66,18.75,0.082,58.0,47.2,7.15,9.35,40.8,2.488
2025-07-31,7,1000.0,800.0,1.08,17.92,0.051,38.7,43.4,7.13,9.19,33.4,2.034
2025-08-31,8,0.0,0.0,0.38,16.57,0.042,218.7,64.2,7.09,9.46,30.4,3.407
2025-08-31,8,250.0,0.0,0.99,15.41,0.074,238.0,61.8,7.04,8.76,29.0,2.515
2025-08-31,8,500.0,0.0,1.66,13.15,0.101,270.0,68.3,7.13,9.9,34.2,3.624
2025-08-31,8,750.0,0.0,0.41,14.72,0.084,302.0,63.2,6.98,9.38,54.0,4.346
2025-08-31,8,1000.0,0.0,0.79,13.55,0.037,321.3,65.8,6.99,9.59,41.4,3.832
2025-08-31,8,0.0,200.0,-0.25,14.13,0.058,201.8,65.8,7.03,9.56,38.9,1.847
2025-08-31,8,250.0,200.0,6.07,13.63,0.109,218.7,65.6,7.08,9.67,48.6,1.859
2025-08-31,8,500.0,200.0,8.61,14.91,0.151,270.0,62.0,7.08,9.42,42.8,2.826
2025-08-31,8,750.0,200.0,6.12,14.14,0.118,321.3,58.7,7.04,9.05,32.6,2.11
2025-08-31,8,1000.0,200.0,0.52,14.2,0.073,338.2,75.7,6.88,9.78,44.9,2.866
2025-08-31,8,0.0,400.0,1.55,15.05,0.082,180.0,75.8,6.88,9.62,37.5,2.496
2025-08-31,8,250.0,400.0,7.89,14.55,0.154,180.0,61.3,7.35,9.11,47.2,2.691
2025-08-31,8,500.0,400.0,10.7,14.42,0.186,0.0,48.2,7.24,9.39,36.9,1.831
2025-08-31,8,750.0,400.0,8.06,15.68,0.135,0.0,45.2,6.89,9.77,43.8,2.646
2025-08-31,8,1000.0,400.0,1.9,15.43,0.086,0.0,58.3,6.89,9.64,44.8,2.39
2025-08-31,8,0.0,600.0,0.81,14.23,0.067,158.2,69.6,7.1,9.38,31.0,1.118
2025-08-31,8,250.0,600.0,5.9,13.71,0.129,141.3,53.1,7.06,9.94,46.1,2.262
2025-08-31,8,500.0,600.0,8.52,14.66,0.157,90.0,64.1,7.21,9.24,42.4,1.334
2025-08-31,8,750.0,600.0,6.62,14.42,0.113,38.7,57.3,6.71,9.47,48.8,2.381
2025-08-31,8,1000.0,600.0,0.14,15.0,0.068,21.8,57.0,7.1,9.23,28.4,1.941
2025-08-31,8,0.0,800.0,0.95,13.61,0.061,141.3,48.3,7.19,9.39,38.8,0.58
2025-08-31,8,250.0,800.0,0.48,14.23,0.094,122.0,69.0,7.03,9.72,40.3,0.594
2025-08-31,8,500.0,800.0,1.65,15.39,0.097,90.0,65.7,7.1,9.4,42.5,1.254
2025-08-31,8,750.0,800.0,0.69,13.98,0.078,58.0,72.7,6.93,9.72,40.8,2.664
2025-08-31,8,1000.0,800.0,0.52,13.57,0.047,38.7,41.8,6.92,10.01,43.8,2.63
2025-09-30,9,0.0,0.0,0.26,12.34,0.038,218.7,86.4,6.91,9.34,34.4,2.667
2025-09-30,9,250.0,0.0,0.29,11.88,0.089,238.0,77.1,6.92,9.82,39.6,3.029
2025-09-30,9,500.0,0.0,1.35,12.72,0.096,270.0,76.1,7.11,10.01,42.9,3.197
2025-09-30,9,750.0,0.0,1.0,11.07,0.086,302.0,78.8,6.69,10.4,32.7,3.066
2025-09-30,9,1000.0,0.0,0.64,12.14,0.049,321.3,77.7,6.95,9.53,35.7,3.761
2025-09-30,9,0.0,200.0,0.65,12.05,0.073,201.8,83.3,6.87,10.21,41.8,2.463
2025-09-30,9,250.0,200.0,5.85,13.43,0.127,218.7,72.5,6.6,9.14,45.4,2.105
2025-09-30,9,500.0,200.0,7.98,11.7,0.147,270.0,85.3,6.71,9.75,38.8,3.399
2025-09-30,9,750.0,200.0,5.7,11.64,0.121,321.3,81.8,6.86,9.79,45.0,2.896
2025-09-30,9,1000.0,200.0,0.66,11.63,0.08,338.2,94.8,6.75,10.48,43.1,3.09
2025-09-30,9,0.0,400.0,1.92,12.33,0.076,180.0,82.7,6.91,10.36,41.5,1.622
2025-09-30,9,250.0,400.0,8.06,10.66,0.139,180.0,61.9,6.9,10.35,42.6,0.768
2025-09-30,9,500.0,400.0,10.16,11.09,0.203,0.0,86.2,6.84,10.26,40.7,1.93
2025-09-30,9,750.0,400.0,7.7,12.32,0.16,0.0,78.5,7.07,10.51,43.9,2.508
2025-09-30,9,1000.0,400.0,2.09,12.44,0.074,0.0,77.8,6.81,10.35,39.7,3.269
2025-09-30,9,0.0,600.0,0.77,11.07,0.052,158.2,83.4,6.93,9.83,37.0,1.145
2025-09-30,9,250.0,600.0,6.14,12.16,0.133,141.3,71.5,6.86,9.59,47.1,1.632
2025-09-30,9,500.0,600.0,7.87,12.53,0.142,90.0,64.6,6.94,10.14,40.0,1.062
2025-09-30,9,750.0,600.0,5.7,11.78,0.118,38.7,81.8,6.9,10.23,47.1,1.583
2025-09-30,9,1000.0,600.0,0.43,11.4,0.082,21.8,73.9,7.08,10.01,48.3,3.162
2025-09-30,9,0.0,800.0,0.35,12.5,0.059,141.3,79.8,6.77,9.51,44.6,1.631
2025-09-30,9,250.0,800.0,-0.03,12.31,0.079,122.0,76.7,6.81,9.59,42.3,1.17
2025-09-30,9,500.0,800.0,1.93,11.82,0.103,90.0,84.3,7.12,9.9,32.6,1.757
2025-09-30,9,750.0,800.0,0.22,11.71,0.077,58.0,90.5,6.68,9.96,46.1,2.04
2025-09-30,9,1000.0,800.0,0.45,11.92,0.032,38.7,81.0,7.03,10.51,35.4,2.435
2025-10-31,10,0.0,0.0,0.73,11.4,0.061,218.7,80.6,6.78,9.79,41.1,3.26
2025-10-31,10,250.0,0.0,0.57,11.32,0.085,238.0,81.7,6.75,9.71,51.4,3.302
2025-10-31,10,500.0,0.0,1.97,10.89,0.116,270.0,103.0,7.01,10.1,55.0,4.723
2025-10-31,10,750.0,0.0,-0.16,11.55,0.068,302.0,100.1,6.89,10.11,45.8,3.457
2025-10-31,10,1000.0,0.0,0.34,11.54,0.049,321.3,110.7,6.94,10.06,34.6,3.337
2025-10-31,10,0.0,200.0,0.59,11.27,0.077,201.8,87.0,6.42,10.2,42.7,2.001
2025-10-31,10,250.0,200.0,5.94,11.34,0.129,218.7,88.7,6.79,10.04,41.5,2.001
2025-10-31,10,500.0,200.0,7.96,11.56,0.144,270.0,96.5,6.63,10.48,54.5,3.016
2025-10-31,10,750.0,200.0,6.17,11.98,0.13,321.3,120.1,6.84,10.07,37.9,2.732
2025-10-31,10,1000.0,200.0,0.58,10.12,0.069,338.2,100.4,6.89,10.03,48.0,3.49
2025-10-31,10,0.0,400.0,1.49,10.84,0.068,180.0,106.7,6.83,10.71,38.6,2.467
2025-10-31,10,250.0,400.0,7.94,9.81,0.136,180.0,111.5,6.78,10.44,50.7,1.825
2025-10-31,10,500.0,400.0,9.62,11.09,0.188,0.0,95.0,6.75,10.49,53.3,3.032
2025-10-31,10,750.0,400.0,7.94,10.51,0.148,0.0,108.0,6.8,10.24,49.8,2.49
2025-10-31,10,1000.0,400.0,2.38,10.18,0.07,0.0,95.4,6.79,10.25,42.7,3.15
2025-10-31,10,0.0,600.0,0.51,10.65,0.072,158.2,110.7,6.84,10.06,42.3,1.7
2025-10-31,10,250.0,600.0,6.14,10.28,0.116,141.3,105.7,7.02,10.56,50.1,1.617
2025-10-31,10,500.0,600.0,7.7,11.61,0.147,90.0,104.5,7.03,10.2,57.6,2.553
2025-10-31,10,750.0,600.0,5.87,10.8,0.103,38.7,95.2,6.72,10.37,53.3,2.568
2025-10-31,10,1000.0,600.0,0.45,9.63,0.065,21.8,103.9,6.79,10.95,39.1,1.736
2025-10-31,10,0.0,800.0,0.65,10.98,0.038,141.3,104.0,6.8,10.6,44.7,1.457
2025-10-31,10,250.0,800.0,0.02,12.64,0.097,122.0,115.4,6.75,9.51,37.6,0.828
2025-10-31,10,500.0,800.0,2.32,11.01,0.097,90.0,109.1,7.04,10.41,44.4,2.538
2025-10-31,10,750.0,800.0,0.8,10.76,0.088,58.0,95.4,6.85,10.42,52.0,2.911
2025-10-31,10,1000.0,800.0,0.69,10.19,0.053,38.7,84.7,7.03,10.8,29.8,1.574
2025-11-30,11,0.0,0.0,1.0,11.55,0.045,218.7,111.8,6.69,9.57,52.1,2.431
2025-11-30,11,250.0,0.0,0.73,11.93,0.081,238.0,103.6,6.81,9.78,51.9,3.039
2025-11-30,11,500.0,0.0,2.34,11.26,0.101,270.0,121.7,6.88,9.37,51.9,3.989
2025-11-30,11,750.0,0.0,0.37,12.02,0.078,302.0,98.5,6.64,10.11,43.7,4.326
2025-11-30,11,1000.0,0.0,0.93,11.91,0.064,321.3,116.0,7.02,9.55,43.7,4.79
2025-11-30,11,0.0,200.0,0.57,10.78,0.074,201.8,105.4,7.04,10.4,45.6,3.263
2025-11-30,11,250.0,200.0,6.4,11.29,0.103,218.7,131.4,6.79,9.72,56.9,2.896
2025-11-30,11,500.0,200.0,8.01,11.4,0.159,270.0,118.0,6.62,10.22,63.5,2.869
2025-11-30,11,750.0,200.0,6.07,13.07,0.126,321.3,111.5,6.77,10.04,53.1,3.348
2025-11-30,11,1000.0,200.0,0.79,10.73,0.069,338.2,114.1,6.77,10.34,43.1,3.151
2025-11-30,11,0.0,400.0,2.36,11.22,0.078,180.0,110.5,6.9,10.09,53.3,1.687
2025-11-30,11,250.0,400.0,7.75,14.15,0.127,180.0,112.1,6.56,10.01,57.1,2.24
2025-11-30,11,500.0,400.0,9.77,12.04,0.193,0.0,104.0,6.92,10.24,57.8,1.682
2025-11-30,11,750.0,400.0,8.42,11.96,0.135,0.0,114.9,6.71,10.02,60.9,3.339
2025-11-30,11,1000.0,400.0,1.38,11.62,0.087,0.0,116.2,6.85,9.74,42.3,2.74
2025-11-30,11,0.0,600.0,0.05,11.54,0.067,158.2,108.4,6.59,10.09,46.8,2.347
2025-11-30,11,250.0,600.0,5.72,11.74,0.127,141.3,95.4,7.12,9.93,58.1,2.743
2025-11-30,11,500.0,600.0,8.3,12.6,0.159,90.0,118.4,6.89,10.17,63.3,2.098
2025-11-30,11,750.0,600.0,6.01,12.2,0.118,38.7,122.1,6.94,9.84,57.2,3.048
2025-11-30,11,1000.0,600.0,0.28,11.3,0.069,21.8,132.1,7.01,10.35,48.1,3.951
2025-11-30,11,0.0,800.0,0.52,12.88,0.049,141.3,101.5,6.93,9.32,41.1,0.798
2025-11-30,11,250.0,800.0,0.2,11.42,0.092,122.0,96.0,6.79,10.24,45.4,1.534
2025-11-30,11,500.0,800.0,2.32,11.83,0.099,90.0,99.3,6.81,9.73,47.5,1.361
2025-11-30,11,750.0,800.0,0.2,10.21,0.084,58.0,119.5,6.95,10.56,48.0,2.552
2025-11-30,11,1000.0,800.0,0.43,12.07,0.05,38.7,121.7,6.95,9.82,44.2,2.95
2025-12-31,12,0.0,0.0,0.71,13.23,0.046,218.7,117.9,7.09,10.28,45.5,3.047
2025-12-31,12,250.0,0.0,-0.03,13.72,0.08,238.0,120.8,7.22,9.11,51.0,3.459
2025-12-31,12,500.0,0.0,2.18,13.37,0.096,270.0,122.8,6.78,10.09,54.0,4.565
2025-12-31,12,750.0,0.0,0.81,15.26,0.102,302.0,141.7,6.86,9.06,46.6,4.516
2025-12-31,12,1000.0,0.0,0.4,14.96,0.042,321.3,133.9,7.07,9.41,45.0,4.721
2025-12-31,12,0.0,200.0,0.38,14.47,0.079,201.8,110.9,7.08,9.37,47.4,2.468
2025-12-31,12,250.0,200.0,5.89,14.36,0.127,218.7,124.2,6.91,9.57,65.3,3.094
2025-12-31,12,500.0,200.0,7.86,14.67,0.153,270.0,119.5,6.94,9.56,54.5,2.624
2025-12-31,12,750.0,200.0,6.05,15.15,0.118,321.3,132.3,6.77,9.16,59.7,3.66
2025-12-31,12,1000.0,200.0,1.15,14.2,0.062,338.2,114.4,6.93,8.72,53.9,3.676
2025-12-31,12,0.0,400.0,2.52,14.59,0.079,180.0,117.5,7.04,9.55,54.9,2.729
2025-12-31,12,250.0,400.0,8.23,15.34,0.138,180.0,118.0,7.06,9.3,59.0,2.834
2025-12-31,12,500.0,400.0,10.37,14.55,0.207,0.0,136.7,6.96,9.85,61.6,2.481
2025-12-31,12,750.0,400.0,7.76,13.47,0.148,0.0,117.0,7.05,9.52,63.3,2.989
2025-12-31,12,1000.0,400.0,1.52,13.63,0.083,0.0,116.6,7.22,9.23,45.8,3.534
2025-12-31,12,0.0,600.0,0.76,13.72,0.066,158.2,113.9,6.7,10.25,56.1,1.965
2025-12-31,12,250.0,600.0,6.16,15.65,0.107,141.3,101.4,6.9,9.24,57.7,3.084
2025-12-31,12,500.0,600.0,8.55,14.4,0.16,90.0,127.3,6.94,9.74,47.1,1.702
2025-12-31,12,750.0,600.0,6.42,15.04,0.119,38.7,127.5,6.91,8.75,62.9,3.15
2025-12-31,12,1000.0,600.0,0.84,14.83,0.05,21.8,125.8,6.69,9.65,58.0,3.422
2025-12-31,12,0.0,800.0,0.42,15.73,0.044,141.3,105.8,7.02,9.21,54.0,1.89
2025-12-31,12,250.0,800.0,-0.06,12.8,0.077,122.0,120.3,7.04,10.3,53.1,2.696
2025-12-31,12,500.0,800.0,2.29,14.67,0.098,90.0,106.5,7.28,9.82,53.8,2.038
2025-12-31,12,750.0,800.0,0.67,14.16,0.08,58.0,140.1,6.78,9.75,52.1,2.661
2025-12-31,12,1000.0,800.0,0.88,14.58,0.061,38.7,115.5,6.85,9.46,54.4,2.8
